WKT,id,lat,lon
POINT (111.993250445481 -3.30533206553283),0,-3.31,111.99325
POINT (111.993250445481 -3.30533206553283),1,-3.31,111.99325
POINT (111.821481459362 -3.51178455399709),2,-3.51,111.821481
POINT (111.821481459362 -3.51178455399709),3,-3.51,111.821481
POINT (112.090397082613 -3.24378042019067),4,-3.24,112.090397
POINT (112.090397082613 -3.24378042019067),5,-3.24,112.090397
POINT (112.006839035772 -3.36266261633078),6,-3.36,112.006839
POINT (112.006839035772 -3.36266261633078),7,-3.36,112.006839
POINT (111.844758058265 -3.1334463478385),8,-3.13,111.844758
POINT (111.844758058265 -3.1334463478385),9,-3.13,111.844758
POINT (112.003616305995 -3.41401369031319),10,-3.41,112.003616
POINT (112.003616305995 -3.41401369031319),11,-3.41,112.003616
POINT (111.839268223035 -2.91516999368762),12,-2.92,111.839268
POINT (111.839268223035 -2.91516999368762),13,-2.92,111.839268
POINT (111.960684753514 -2.97528814073435),14,-2.98,111.960684
POINT (111.960684753514 -2.97528814073435),15,-2.98,111.960684
POINT (112.096068312023 -3.19167325151906),16,-3.19,112.096068
POINT (112.096068312023 -3.19167325151906),17,-3.19,112.096068
POINT (111.923755696008 -3.27302903705404),18,-3.27,111.923755
POINT (111.923755696008 -3.27302903705404),19,-3.27,111.923755
POINT (111.950938144282 -2.73031106233113),20,-2.73,111.950938
POINT (111.950938144282 -2.73031106233113),21,-2.73,111.950938
POINT (112.126614074657 -3.02068362323871),22,-3.02,112.126614
POINT (112.126614074657 -3.02068362323871),23,-3.02,112.126614
POINT (111.914403295734 -2.85477287668104),24,-2.86,111.914403
POINT (111.914403295734 -2.85477287668104),25,-2.86,111.914403
POINT (111.991045049093 -2.644712002444),26,-2.65,111.991045
POINT (111.991045049093 -2.644712002444),27,-2.65,111.991045
POINT (112.160803780342 -3.17209483100694),28,-3.17,112.160803
POINT (112.160803780342 -3.17209483100694),29,-3.17,112.160803
POINT (111.934221403609 -2.84204509633339),30,-2.84,111.934221
POINT (111.934221403609 -2.84204509633339),31,-2.84,111.934221
POINT (111.823701103345 -3.49434149522124),32,-3.49,111.823701
POINT (111.823701103345 -3.49434149522124),33,-3.49,111.823701
POINT (111.976115648872 -3.30158555258211),34,-3.30,111.976115
POINT (111.976115648872 -3.30158555258211),35,-3.30,111.976115
POINT (111.847850610322 -2.86198329260602),36,-2.86,111.84785
POINT (111.847850610322 -2.86198329260602),37,-2.86,111.84785
POINT (112.055491933603 -2.70925351311712),38,-2.71,112.055491
POINT (112.055491933603 -2.70925351311712),39,-2.71,112.055491
POINT (111.949666971112 -3.45825268171177),40,-3.46,111.949666
POINT (111.949666971112 -3.45825268171177),41,-3.46,111.949666
POINT (111.94859799528 -3.41689106214104),42,-3.42,111.948597
POINT (111.94859799528 -3.41689106214104),43,-3.42,111.948597
POINT (111.917084303488 -2.72014105068752),44,-2.72,111.917084
POINT (111.917084303488 -2.72014105068752),45,-2.72,111.917084
POINT (111.95661592652 -3.20618963806994),46,-3.21,111.956615
POINT (111.95661592652 -3.20618963806994),47,-3.21,111.956615
POINT (112.11657339666 -3.20893660985694),48,-3.21,112.116573
POINT (112.11657339666 -3.20893660985694),49,-3.21,112.116573
POINT (111.943836891743 -3.34959850970292),50,-3.35,111.943836
POINT (111.943836891743 -3.34959850970292),51,-3.35,111.943836
POINT (111.996532918699 -3.41104291722292),52,-3.41,111.996532
POINT (111.996532918699 -3.41104291722292),53,-3.41,111.996532
POINT (112.152968061863 -3.01738839820351),54,-3.02,112.152968
POINT (112.152968061863 -3.01738839820351),55,-3.02,112.152968
POINT (111.905525147594 -2.65372153085262),56,-2.65,111.905525
POINT (111.905525147594 -2.65372153085262),57,-2.65,111.905525
POINT (112.028885037068 -3.06786917093557),58,-3.07,112.028885
POINT (112.028885037068 -3.06786917093557),59,-3.07,112.028885
POINT (111.977925211197 -3.02348798663851),60,-3.02,111.977925
POINT (111.977925211197 -3.02348798663851),61,-3.02,111.977925
POINT (112.031653764818 -3.41582537726744),62,-3.42,112.031653
POINT (112.031653764818 -3.41582537726744),63,-3.42,112.031653
POINT (112.18492204507 -3.09806235572759),64,-3.10,112.184922
POINT (112.18492204507 -3.09806235572759),65,-3.10,112.184922
POINT (112.045733969496 -2.91753380282913),66,-2.92,112.045733
POINT (112.045733969496 -2.91753380282913),67,-2.92,112.045733
POINT (111.879629556549 -3.24486039718575),68,-3.25,111.879629
POINT (111.879629556549 -3.24486039718575),69,-3.25,111.879629
POINT (112.053623438578 -2.99266827347756),70,-2.99,112.053623
POINT (112.053623438578 -2.99266827347756),71,-2.99,112.053623
POINT (111.969106160559 -3.27747052113261),72,-3.28,111.969106
POINT (111.969106160559 -3.27747052113261),73,-3.28,111.969106
POINT (111.976541432761 -2.89167692041768),74,-2.89,111.976541
POINT (111.976541432761 -2.89167692041768),75,-2.89,111.976541
POINT (111.87775450563 -3.33590174166896),76,-3.34,111.877754
POINT (111.87775450563 -3.33590174166896),77,-3.34,111.877754
POINT (111.912225831601 -2.98977357707498),78,-2.99,111.912225
POINT (111.912225831601 -2.98977357707498),79,-2.99,111.912225
POINT (111.932564921435 -3.17170199116011),80,-3.17,111.932564
POINT (111.932564921435 -3.17170199116011),81,-3.17,111.932564
POINT (111.982868122843 -2.64622987814685),82,-2.65,111.982868
POINT (111.982868122843 -2.64622987814685),83,-2.65,111.982868
POINT (112.078002946041 -3.06602090241532),84,-3.07,112.078002
POINT (112.078002946041 -3.06602090241532),85,-3.07,112.078002
POINT (112.073946640123 -3.22882770486139),86,-3.23,112.073946
POINT (112.073946640123 -3.22882770486139),87,-3.23,112.073946
POINT (112.088032468935 -3.15791645618354),88,-3.16,112.088032
POINT (112.088032468935 -3.15791645618354),89,-3.16,112.088032
POINT (112.005029606831 -3.37288239222713),90,-3.37,112.005029
POINT (112.005029606831 -3.37288239222713),91,-3.37,112.005029
POINT (111.977222092707 -3.26632030488669),92,-3.27,111.977222
POINT (111.977222092707 -3.26632030488669),93,-3.27,111.977222
POINT (112.05772273749 -3.34621654286223),94,-3.35,112.057722
POINT (112.05772273749 -3.34621654286223),95,-3.35,112.057722
POINT (112.155505887011 -3.2357991896299),96,-3.24,112.155505
POINT (112.155505887011 -3.2357991896299),97,-3.24,112.155505
POINT (112.173273433782 -2.90111281235714),98,-2.90,112.173273
POINT (112.173273433782 -2.90111281235714),99,-2.90,112.173273
POINT (111.967662297217 -3.36543751246278),100,-3.37,111.967662
POINT (111.967662297217 -3.36543751246278),101,-3.37,111.967662
POINT (111.95197403555 -2.67434901265145),102,-2.67,111.951974
POINT (111.95197403555 -2.67434901265145),103,-2.67,111.951974
POINT (112.015164857404 -3.03601822313037),104,-3.04,112.015164
POINT (112.015164857404 -3.03601822313037),105,-3.04,112.015164
POINT (112.057897187395 -2.71351860171419),106,-2.71,112.057897
POINT (112.057897187395 -2.71351860171419),107,-2.71,112.057897
POINT (111.976075305908 -2.9395558765589),108,-2.94,111.976075
POINT (111.976075305908 -2.9395558765589),109,-2.94,111.976075
POINT (111.933004572341 -3.05983350388299),110,-3.06,111.933004
POINT (111.933004572341 -3.05983350388299),111,-3.06,111.933004
POINT (112.097490388569 -2.89802627284452),112,-2.90,112.09749
POINT (112.097490388569 -2.89802627284452),113,-2.90,112.09749
POINT (111.768590605431 -2.87152073059982),114,-2.87,111.76859
POINT (111.768590605431 -2.87152073059982),115,-2.87,111.76859
POINT (111.97604190998 -3.39649190403086),116,-3.40,111.976041
POINT (111.97604190998 -3.39649190403086),117,-3.40,111.976041
POINT (112.032069743208 -2.74782948715212),118,-2.75,112.032069
POINT (112.032069743208 -2.74782948715212),119,-2.75,112.032069
POINT (112.039267271565 -3.344724450268),120,-3.35,112.039267
POINT (112.039267271565 -3.344724450268),121,-3.35,112.039267
POINT (111.950158436411 -3.12365204859952),122,-3.12,111.950158
POINT (111.950158436411 -3.12365204859952),123,-3.12,111.950158
POINT (111.94701582098 -3.03159795312609),124,-3.03,111.947015
POINT (111.94701582098 -3.03159795312609),125,-3.03,111.947015
POINT (111.931542775856 -2.7537366404486),126,-2.75,111.931542
POINT (111.931542775856 -2.7537366404486),127,-2.75,111.931542
POINT (111.940966940102 -3.15166527996007),128,-3.15,111.940966
POINT (111.940966940102 -3.15166527996007),129,-3.15,111.940966
POINT (112.003526347931 -3.21261024575197),130,-3.21,112.003526
POINT (112.003526347931 -3.21261024575197),131,-3.21,112.003526
POINT (111.929283644341 -3.42167657384408),132,-3.42,111.929283
POINT (111.929283644341 -3.42167657384408),133,-3.42,111.929283
POINT (111.934991113441 -3.42424284647092),134,-3.42,111.934991
POINT (111.934991113441 -3.42424284647092),135,-3.42,111.934991
POINT (112.053030468538 -2.95183192533508),136,-2.95,112.05303
POINT (112.053030468538 -2.95183192533508),137,-2.95,112.05303
POINT (111.849413853346 -2.91570763416518),138,-2.92,111.849413
POINT (111.849413853346 -2.91570763416518),139,-2.92,111.849413
POINT (111.982314634151 -3.4410826347546),140,-3.44,111.982314
POINT (111.982314634151 -3.4410826347546),141,-3.44,111.982314
POINT (111.988105493632 -2.6362686871711),142,-2.64,111.988105
POINT (111.988105493632 -2.6362686871711),143,-2.64,111.988105
POINT (111.959038890606 -3.35858966652478),144,-3.36,111.959038
POINT (111.959038890606 -3.35858966652478),145,-3.36,111.959038
POINT (112.147303860187 -2.91351164862624),146,-2.91,112.147303
POINT (112.147303860187 -2.91351164862624),147,-2.91,112.147303
POINT (112.128457652222 -2.91413198068408),148,-2.91,112.128457
POINT (112.128457652222 -2.91413198068408),149,-2.91,112.128457
POINT (111.931223528343 -2.77864675812652),150,-2.78,111.931223
POINT (111.931223528343 -2.77864675812652),151,-2.78,111.931223
POINT (111.949166286958 -3.39289306708137),152,-3.39,111.949166
POINT (111.949166286958 -3.39289306708137),153,-3.39,111.949166
POINT (111.888174988972 -3.24069706231267),154,-3.24,111.888174
POINT (111.888174988972 -3.24069706231267),155,-3.24,111.888174
POINT (112.075473546553 -2.98104348230949),156,-2.98,112.075473
POINT (112.075473546553 -2.98104348230949),157,-2.98,112.075473
POINT (111.955813950505 -3.19967647650386),158,-3.20,111.955813
POINT (111.955813950505 -3.19967647650386),159,-3.20,111.955813
POINT (112.135097796974 -3.1220977186354),160,-3.12,112.135097
POINT (112.135097796974 -3.1220977186354),161,-3.12,112.135097
POINT (111.907847532388 -3.11249292973971),162,-3.11,111.907847
POINT (111.907847532388 -3.11249292973971),163,-3.11,111.907847
POINT (112.121134647445 -3.27341815907659),164,-3.27,112.121134
POINT (112.121134647445 -3.27341815907659),165,-3.27,112.121134
POINT (111.808559970282 -2.93470159817942),166,-2.94,111.808559
POINT (111.808559970282 -2.93470159817942),167,-2.94,111.808559
POINT (112.090757940834 -2.83319734060747),168,-2.83,112.090757
POINT (112.090757940834 -2.83319734060747),169,-2.83,112.090757
POINT (111.96320452909 -3.04804711915284),170,-3.05,111.963204
POINT (111.96320452909 -3.04804711915284),171,-3.05,111.963204
POINT (111.987097060821 -3.19593633103764),172,-3.20,111.987097
POINT (111.987097060821 -3.19593633103764),173,-3.20,111.987097
POINT (111.837634353533 -3.0317931598854),174,-3.03,111.837634
POINT (111.837634353533 -3.0317931598854),175,-3.03,111.837634
POINT (112.120187381846 -3.02362884092297),176,-3.02,112.120187
POINT (112.120187381846 -3.02362884092297),177,-3.02,112.120187
POINT (111.969770097166 -3.39214667671508),178,-3.39,111.96977
POINT (111.969770097166 -3.39214667671508),179,-3.39,111.96977
POINT (111.9753634259 -2.74587393112741),180,-2.75,111.975363
POINT (111.9753634259 -2.74587393112741),181,-2.75,111.975363
POINT (111.992222512611 -2.82790041520178),182,-2.83,111.992222
POINT (111.992222512611 -2.82790041520178),183,-2.83,111.992222
POINT (112.082709518561 -2.9811300927954),184,-2.98,112.082709
POINT (112.082709518561 -2.9811300927954),185,-2.98,112.082709
POINT (111.806963171914 -2.92361785236106),186,-2.92,111.806963
POINT (111.806963171914 -2.92361785236106),187,-2.92,111.806963
POINT (111.83371032923 -3.01047680321974),188,-3.01,111.83371
POINT (111.83371032923 -3.01047680321974),189,-3.01,111.83371
POINT (111.858570212987 -3.11109499502098),190,-3.11,111.85857
POINT (111.858570212987 -3.11109499502098),191,-3.11,111.85857
POINT (112.072601874604 -3.25607792356457),192,-3.26,112.072601
POINT (112.072601874604 -3.25607792356457),193,-3.26,112.072601
POINT (112.17263327863 -3.24937580917347),194,-3.25,112.172633
POINT (112.17263327863 -3.24937580917347),195,-3.25,112.172633
POINT (111.901506017078 -2.79656480562554),196,-2.80,111.901506
POINT (111.901506017078 -2.79656480562554),197,-2.80,111.901506
POINT (111.904532121478 -3.13508640962981),198,-3.14,111.904532
POINT (111.904532121478 -3.13508640962981),199,-3.14,111.904532
POINT (112.009738554461 -3.36451827339251),200,-3.37,112.009738
POINT (112.009738554461 -3.36451827339251),201,-3.37,112.009738
POINT (112.057112933135 -3.22509878714201),202,-3.23,112.057112
POINT (112.057112933135 -3.22509878714201),203,-3.23,112.057112
POINT (111.990002077698 -2.87128578361938),204,-2.87,111.990002
POINT (111.990002077698 -2.87128578361938),205,-2.87,111.990002
POINT (111.960443529834 -2.96823415194823),206,-2.97,111.960443
POINT (111.960443529834 -2.96823415194823),207,-2.97,111.960443
POINT (112.054377273137 -3.08632212920048),208,-3.09,112.054377
POINT (112.054377273137 -3.08632212920048),209,-3.09,112.054377
POINT (112.096109460647 -2.8301067229528),210,-2.83,112.096109
POINT (112.096109460647 -2.8301067229528),211,-2.83,112.096109
POINT (111.852035238421 -3.35669596938677),212,-3.36,111.852035
POINT (111.852035238421 -3.35669596938677),213,-3.36,111.852035
POINT (111.95844255968 -2.6911685509556),214,-2.69,111.958442
POINT (111.95844255968 -2.6911685509556),215,-2.69,111.958442
POINT (112.147985893916 -3.12273050888436),216,-3.12,112.147985
POINT (112.147985893916 -3.12273050888436),217,-3.12,112.147985
POINT (111.971401110087 -3.04473120086177),218,-3.05,111.971401
POINT (111.971401110087 -3.04473120086177),219,-3.05,111.971401
POINT (111.870091997539 -3.25140236868711),220,-3.25,111.870091
POINT (111.870091997539 -3.25140236868711),221,-3.25,111.870091
POINT (112.037560928599 -2.73262215640107),222,-2.73,112.03756
POINT (112.037560928599 -2.73262215640107),223,-2.73,112.03756
POINT (112.109130984809 -3.08780792860261),224,-3.09,112.10913
POINT (112.109130984809 -3.08780792860261),225,-3.09,112.10913
POINT (111.814210668414 -3.52335993368457),226,-3.52,111.81421
POINT (111.814210668414 -3.52335993368457),227,-3.52,111.81421
POINT (111.983603060988 -2.84260403937019),228,-2.84,111.983603
POINT (111.983603060988 -2.84260403937019),229,-2.84,111.983603
POINT (111.987586136036 -2.7305262177979),230,-2.73,111.987586
POINT (111.987586136036 -2.7305262177979),231,-2.73,111.987586
POINT (112.094916551701 -3.19237013881822),232,-3.19,112.094916
POINT (112.094916551701 -3.19237013881822),233,-3.19,112.094916
POINT (111.928601125208 -3.12066937652356),234,-3.12,111.928601
POINT (111.928601125208 -3.12066937652356),235,-3.12,111.928601
POINT (112.031512560424 -3.29994256459944),236,-3.30,112.031512
POINT (112.031512560424 -3.29994256459944),237,-3.30,112.031512
POINT (111.91084829381 -3.37815496102581),238,-3.38,111.910848
POINT (111.91084829381 -3.37815496102581),239,-3.38,111.910848
POINT (111.905817248155 -2.75151940771375),240,-2.75,111.905817
POINT (111.905817248155 -2.75151940771375),241,-2.75,111.905817
POINT (111.93715532821 -2.62082153195701),242,-2.62,111.937155
POINT (111.93715532821 -2.62082153195701),243,-2.62,111.937155
POINT (111.890389233114 -3.49333208941925),244,-3.49,111.890389
POINT (111.890389233114 -3.49333208941925),245,-3.49,111.890389
POINT (112.192069562915 -3.08633681987452),246,-3.09,112.192069
POINT (112.192069562915 -3.08633681987452),247,-3.09,112.192069
POINT (111.973197409236 -2.74303966768799),248,-2.74,111.973197
POINT (111.973197409236 -2.74303966768799),249,-2.74,111.973197
POINT (112.158031161632 -3.11333536746772),250,-3.11,112.158031
POINT (112.158031161632 -3.11333536746772),251,-3.11,112.158031
POINT (111.796855706577 -2.85985419974916),252,-2.86,111.796855
POINT (111.796855706577 -2.85985419974916),253,-2.86,111.796855
POINT (112.060270537206 -3.15732814688252),254,-3.16,112.06027
POINT (112.060270537206 -3.15732814688252),255,-3.16,112.06027
POINT (111.851231141149 -3.08977142768981),256,-3.09,111.851231
POINT (111.851231141149 -3.08977142768981),257,-3.09,111.851231
POINT (111.895736045112 -3.52323448389116),258,-3.52,111.895736
POINT (111.895736045112 -3.52323448389116),259,-3.52,111.895736
POINT (111.879528506486 -3.06966354205011),260,-3.07,111.879528
POINT (111.879528506486 -3.06966354205011),261,-3.07,111.879528
POINT (112.13025450911 -2.89480451229803),262,-2.90,112.130254
POINT (112.13025450911 -2.89480451229803),263,-2.90,112.130254
POINT (112.095652606176 -3.17557263903461),264,-3.18,112.095652
POINT (112.095652606176 -3.17557263903461),265,-3.18,112.095652
POINT (112.118751680441 -3.03455426922488),266,-3.04,112.118751
POINT (112.118751680441 -3.03455426922488),267,-3.04,112.118751
POINT (112.152413454319 -3.07634692901257),268,-3.08,112.152413
POINT (112.152413454319 -3.07634692901257),269,-3.08,112.152413
POINT (112.082408226081 -3.26288117246218),270,-3.26,112.082408
POINT (112.082408226081 -3.26288117246218),271,-3.26,112.082408
POINT (111.974246411694 -3.07895189482582),272,-3.08,111.974246
POINT (111.974246411694 -3.07895189482582),273,-3.08,111.974246
POINT (111.756591025202 -2.89181348155241),274,-2.89,111.756591
POINT (111.756591025202 -2.89181348155241),275,-2.89,111.756591
POINT (111.86476932602 -2.8394502063052),276,-2.84,111.864769
POINT (111.86476932602 -2.8394502063052),277,-2.84,111.864769
POINT (111.96924382893 -2.89953869791136),278,-2.90,111.969243
POINT (111.96924382893 -2.89953869791136),279,-2.90,111.969243
POINT (111.896547154807 -3.0331562385191),280,-3.03,111.896547
POINT (111.896547154807 -3.0331562385191),281,-3.03,111.896547
POINT (111.940268625009 -3.08965762081244),282,-3.09,111.940268
POINT (111.940268625009 -3.08965762081244),283,-3.09,111.940268
POINT (111.855053597438 -2.85400731562668),284,-2.85,111.855053
POINT (111.855053597438 -2.85400731562668),285,-2.85,111.855053
POINT (112.082712033234 -2.93265001062554),286,-2.93,112.082712
POINT (112.082712033234 -2.93265001062554),287,-2.93,112.082712
POINT (111.758316251494 -2.85078919519629),288,-2.85,111.758316
POINT (111.758316251494 -2.85078919519629),289,-2.85,111.758316
POINT (112.083038935623 -3.21725888820247),290,-3.22,112.083038
POINT (112.083038935623 -3.21725888820247),291,-3.22,112.083038
POINT (111.849110764163 -3.18437757863069),292,-3.18,111.84911
POINT (111.849110764163 -3.18437757863069),293,-3.18,111.84911
POINT (111.861005873976 -3.3855706709469),294,-3.39,111.861005
POINT (111.861005873976 -3.3855706709469),295,-3.39,111.861005
POINT (111.873784425308 -3.34389126057829),296,-3.34,111.873784
POINT (111.873784425308 -3.34389126057829),297,-3.34,111.873784
POINT (111.902070902046 -2.77867582736766),298,-2.78,111.90207
POINT (111.902070902046 -2.77867582736766),299,-2.78,111.90207
POINT (111.876626574706 -3.15591745457209),300,-3.16,111.876626
POINT (111.876626574706 -3.15591745457209),301,-3.16,111.876626
POINT (111.818533358942 -3.11020629762644),302,-3.11,111.818533
POINT (111.818533358942 -3.11020629762644),303,-3.11,111.818533
POINT (111.87619739915 -3.46760217586912),304,-3.47,111.876197
POINT (111.87619739915 -3.46760217586912),305,-3.47,111.876197
POINT (111.955423604352 -3.03582339202956),306,-3.04,111.955423
POINT (111.955423604352 -3.03582339202956),307,-3.04,111.955423
POINT (112.117013489037 -2.97397925223633),308,-2.97,112.117013
POINT (112.117013489037 -2.97397925223633),309,-2.97,112.117013
POINT (112.050110361522 -3.16487416001666),310,-3.17,112.05011
POINT (112.050110361522 -3.16487416001666),311,-3.17,112.05011
POINT (111.977681062605 -3.15928909658404),312,-3.16,111.977681
POINT (111.977681062605 -3.15928909658404),313,-3.16,111.977681
POINT (111.847682736516 -3.26085329284891),314,-3.26,111.847682
POINT (111.847682736516 -3.26085329284891),315,-3.26,111.847682
POINT (112.006535274906 -3.01020220045454),316,-3.01,112.006535
POINT (112.006535274906 -3.01020220045454),317,-3.01,112.006535
POINT (111.845039562697 -2.80068160389567),318,-2.80,111.845039
POINT (111.845039562697 -2.80068160389567),319,-2.80,111.845039
POINT (111.84240075272 -3.09737636669842),320,-3.10,111.8424
POINT (111.84240075272 -3.09737636669842),321,-3.10,111.8424
POINT (112.078939501717 -3.34616944519606),322,-3.35,112.078939
POINT (112.078939501717 -3.34616944519606),323,-3.35,112.078939
POINT (112.027784392384 -3.2097287909176),324,-3.21,112.027784
POINT (112.027784392384 -3.2097287909176),325,-3.21,112.027784
POINT (111.963159979532 -3.44761562427355),326,-3.45,111.963159
POINT (111.963159979532 -3.44761562427355),327,-3.45,111.963159
POINT (112.175500214265 -2.97056441687386),328,-2.97,112.1755
POINT (112.175500214265 -2.97056441687386),329,-2.97,112.1755
POINT (111.903992691732 -3.44409481833088),330,-3.44,111.903992
POINT (111.903992691732 -3.44409481833088),331,-3.44,111.903992
POINT (111.931578410272 -3.17601147160464),332,-3.18,111.931578
POINT (111.931578410272 -3.17601147160464),333,-3.18,111.931578
POINT (111.820601989396 -3.00958537299525),334,-3.01,111.820601
POINT (111.820601989396 -3.00958537299525),335,-3.01,111.820601
POINT (111.974050240184 -2.99902960196534),336,-3.00,111.97405
POINT (111.974050240184 -2.99902960196534),337,-3.00,111.97405
POINT (112.095843073988 -3.04110729231055),338,-3.04,112.095843
POINT (112.095843073988 -3.04110729231055),339,-3.04,112.095843
POINT (112.135968659566 -3.23059988316635),340,-3.23,112.135968
POINT (112.135968659566 -3.23059988316635),341,-3.23,112.135968
POINT (112.018667082206 -3.09241384539748),342,-3.09,112.018667
POINT (112.018667082206 -3.09241384539748),343,-3.09,112.018667
POINT (112.058424081089 -3.24684011123622),344,-3.25,112.058424
POINT (112.058424081089 -3.24684011123622),345,-3.25,112.058424
POINT (112.033854247486 -3.15574972792642),346,-3.16,112.033854
POINT (112.033854247486 -3.15574972792642),347,-3.16,112.033854
POINT (111.926419837476 -3.44580370264649),348,-3.45,111.926419
POINT (111.926419837476 -3.44580370264649),349,-3.45,111.926419
POINT (111.949943589514 -2.6350763255022),350,-2.64,111.949943
POINT (111.949943589514 -2.6350763255022),351,-2.64,111.949943
POINT (111.827915172316 -2.82853327494677),352,-2.83,111.827915
POINT (111.827915172316 -2.82853327494677),353,-2.83,111.827915
POINT (111.877349665822 -3.34377610692144),354,-3.34,111.877349
POINT (111.877349665822 -3.34377610692144),355,-3.34,111.877349
POINT (111.865055427242 -3.12023290142029),356,-3.12,111.865055
POINT (111.865055427242 -3.12023290142029),357,-3.12,111.865055
POINT (112.014263426803 -3.41387358220893),358,-3.41,112.014263
POINT (112.014263426803 -3.41387358220893),359,-3.41,112.014263
POINT (112.200200481855 -3.10463212764199),360,-3.11,112.2002
POINT (112.200200481855 -3.10463212764199),361,-3.11,112.2002
POINT (112.08652779457 -3.14076776762811),362,-3.14,112.086527
POINT (112.08652779457 -3.14076776762811),363,-3.14,112.086527
POINT (111.912751203088 -2.70216500845492),364,-2.70,111.912751
POINT (111.912751203088 -2.70216500845492),365,-2.70,111.912751
POINT (111.894301653531 -2.76622463605145),366,-2.77,111.894301
POINT (111.894301653531 -2.76622463605145),367,-2.77,111.894301
POINT (112.186012989532 -3.25894946581466),368,-3.26,112.186012
POINT (112.186012989532 -3.25894946581466),369,-3.26,112.186012
POINT (112.176734355982 -3.03983649655519),370,-3.04,112.176734
POINT (112.176734355982 -3.03983649655519),371,-3.04,112.176734
POINT (112.096994725241 -3.20557189020239),372,-3.21,112.096994
POINT (112.096994725241 -3.20557189020239),373,-3.21,112.096994
POINT (111.839040883509 -3.10052704920574),374,-3.10,111.83904
POINT (111.839040883509 -3.10052704920574),375,-3.10,111.83904
POINT (111.918159289085 -2.6803966706718),376,-2.68,111.918159
POINT (111.918159289085 -2.6803966706718),377,-2.68,111.918159
POINT (112.060335992648 -2.69166237380924),378,-2.69,112.060335
POINT (112.060335992648 -2.69166237380924),379,-2.69,112.060335
POINT (112.031560452929 -2.70447476658897),380,-2.70,112.03156
POINT (112.031560452929 -2.70447476658897),381,-2.70,112.03156
POINT (112.17820953866 -3.13462908808922),382,-3.14,112.178209
POINT (112.17820953866 -3.13462908808922),383,-3.14,112.178209
POINT (112.045755527728 -2.82627905487582),384,-2.83,112.045755
POINT (112.045755527728 -2.82627905487582),385,-2.83,112.045755
POINT (112.117523790801 -3.09319048016925),386,-3.09,112.117523
POINT (112.117523790801 -3.09319048016925),387,-3.09,112.117523
POINT (111.948998358152 -3.25192430058942),388,-3.25,111.948998
POINT (111.948998358152 -3.25192430058942),389,-3.25,111.948998
POINT (111.949364711574 -3.02266767549568),390,-3.02,111.949364
POINT (111.949364711574 -3.02266767549568),391,-3.02,111.949364
POINT (111.972025795396 -2.88138635852723),392,-2.88,111.972025
POINT (111.972025795396 -2.88138635852723),393,-2.88,111.972025
POINT (111.845283822756 -3.02667457695741),394,-3.03,111.845283
POINT (111.845283822756 -3.02667457695741),395,-3.03,111.845283
POINT (111.861967894015 -3.42055716212176),396,-3.42,111.861967
POINT (111.861967894015 -3.42055716212176),397,-3.42,111.861967
POINT (111.906205371841 -2.64108918561465),398,-2.64,111.906205
POINT (111.906205371841 -2.64108918561465),399,-2.64,111.906205
POINT (111.877301805773 -3.10702940362384),400,-3.11,111.877301
POINT (111.877301805773 -3.10702940362384),401,-3.11,111.877301
POINT (112.037472936058 -2.78491583453263),402,-2.79,112.037472
POINT (112.037472936058 -2.78491583453263),403,-2.79,112.037472
POINT (112.015289698622 -2.7615886105899),404,-2.76,112.015289
POINT (112.015289698622 -2.7615886105899),405,-2.76,112.015289
POINT (112.142282849671 -3.03691689268969),406,-3.04,112.142282
POINT (112.142282849671 -3.03691689268969),407,-3.04,112.142282
POINT (112.059360609333 -3.27233646949541),408,-3.27,112.05936
POINT (112.059360609333 -3.27233646949541),409,-3.27,112.05936
POINT (112.078476979947 -3.12068685381297),410,-3.12,112.078476
POINT (112.078476979947 -3.12068685381297),411,-3.12,112.078476
POINT (112.064339528443 -2.86848084841421),412,-2.87,112.064339
POINT (112.064339528443 -2.86848084841421),413,-2.87,112.064339
POINT (112.01929294881 -2.73165100449127),414,-2.73,112.019292
POINT (112.01929294881 -2.73165100449127),415,-2.73,112.019292
POINT (111.967072740019 -2.855867474298),416,-2.86,111.967072
POINT (111.967072740019 -2.855867474298),417,-2.86,111.967072
POINT (111.818024264352 -2.9048638673679),418,-2.91,111.818024
POINT (111.818024264352 -2.9048638673679),419,-2.91,111.818024
POINT (111.807344753104 -2.93671672409937),420,-2.94,111.807344
POINT (111.807344753104 -2.93671672409937),421,-2.94,111.807344
POINT (112.196711828789 -3.22848092723046),422,-3.23,112.196711
POINT (112.196711828789 -3.22848092723046),423,-3.23,112.196711
POINT (112.153929366629 -3.24604494299963),424,-3.25,112.153929
POINT (112.153929366629 -3.24604494299963),425,-3.25,112.153929
POINT (111.841985213456 -3.17155586957138),426,-3.17,111.841985
POINT (111.841985213456 -3.17155586957138),427,-3.17,111.841985
POINT (111.859615638215 -2.99970986791994),428,-3.00,111.859615
POINT (111.859615638215 -2.99970986791994),429,-3.00,111.859615
POINT (112.03745723143 -3.23136445003111),430,-3.23,112.037457
POINT (112.03745723143 -3.23136445003111),431,-3.23,112.037457
POINT (112.149753445714 -3.03454566875868),432,-3.04,112.149753
POINT (112.149753445714 -3.03454566875868),433,-3.04,112.149753
POINT (111.897743199408 -3.19273157038487),434,-3.19,111.897743
POINT (111.897743199408 -3.19273157038487),435,-3.19,111.897743
POINT (111.872984470483 -3.29325897563446),436,-3.29,111.872984
POINT (111.872984470483 -3.29325897563446),437,-3.29,111.872984
POINT (112.108896216953 -3.08227682504356),438,-3.08,112.108896
POINT (112.108896216953 -3.08227682504356),439,-3.08,112.108896
POINT (111.834541567874 -3.44838927203542),440,-3.45,111.834541
POINT (111.834541567874 -3.44838927203542),441,-3.45,111.834541
POINT (112.058152616173 -3.34200360131376),442,-3.34,112.058152
POINT (112.058152616173 -3.34200360131376),443,-3.34,112.058152
POINT (112.06402523317 -3.05170343301636),444,-3.05,112.064025
POINT (112.06402523317 -3.05170343301636),445,-3.05,112.064025
POINT (111.913231539984 -3.19258759056293),446,-3.19,111.913231
POINT (111.913231539984 -3.19258759056293),447,-3.19,111.913231
POINT (111.938559793189 -3.13984160257885),448,-3.14,111.938559
POINT (111.938559793189 -3.13984160257885),449,-3.14,111.938559
POINT (112.108920682832 -3.31286431890512),450,-3.31,112.10892
POINT (112.108920682832 -3.31286431890512),451,-3.31,112.10892
POINT (111.922787417202 -3.44223212948128),452,-3.44,111.922787
POINT (111.922787417202 -3.44223212948128),453,-3.44,111.922787
POINT (112.025014163913 -3.32742824844602),454,-3.33,112.025014
POINT (112.025014163913 -3.32742824844602),455,-3.33,112.025014
POINT (112.04569460638 -3.07511150735043),456,-3.08,112.045694
POINT (112.04569460638 -3.07511150735043),457,-3.08,112.045694
POINT (111.721368724612 -2.8100609476052),458,-2.81,111.721368
POINT (111.721368724612 -2.8100609476052),459,-2.81,111.721368
POINT (112.09402644301 -3.21595342471812),460,-3.22,112.094026
POINT (112.09402644301 -3.21595342471812),461,-3.22,112.094026
POINT (112.114189403986 -3.23362147019637),462,-3.23,112.114189
POINT (112.114189403986 -3.23362147019637),463,-3.23,112.114189
POINT (112.015343904445 -3.37472627039486),464,-3.38,112.015343
POINT (112.015343904445 -3.37472627039486),465,-3.38,112.015343
POINT (111.877504196636 -3.27835227818877),466,-3.28,111.877504
POINT (111.877504196636 -3.27835227818877),467,-3.28,111.877504
POINT (111.932534419204 -2.90529561669735),468,-2.91,111.932534
POINT (111.932534419204 -2.90529561669735),469,-2.91,111.932534
POINT (112.149651691601 -3.13231192584627),470,-3.13,112.149651
POINT (112.149651691601 -3.13231192584627),471,-3.13,112.149651
POINT (112.04734053531 -2.77128667471483),472,-2.77,112.04734
POINT (112.04734053531 -2.77128667471483),473,-2.77,112.04734
POINT (112.205795225145 -3.20466354653139),474,-3.21,112.205795
POINT (112.205795225145 -3.20466354653139),475,-3.21,112.205795
POINT (111.948113847028 -2.97843197534584),476,-2.98,111.948113
POINT (111.948113847028 -2.97843197534584),477,-2.98,111.948113
POINT (111.97709392004 -3.43056103243886),478,-3.43,111.977093
POINT (111.97709392004 -3.43056103243886),479,-3.43,111.977093
POINT (111.821044115911 -2.98631803238299),480,-2.99,111.821044
POINT (111.821044115911 -2.98631803238299),481,-2.99,111.821044
POINT (112.034778437642 -3.22491313793337),482,-3.23,112.034778
POINT (112.034778437642 -3.22491313793337),483,-3.23,112.034778
POINT (112.093029444789 -3.04138401477815),484,-3.04,112.093029
POINT (112.093029444789 -3.04138401477815),485,-3.04,112.093029
POINT (112.141628770101 -2.97968683601655),486,-2.98,112.141628
POINT (112.141628770101 -2.97968683601655),487,-2.98,112.141628
POINT (112.105160215964 -3.03065350716882),488,-3.03,112.10516
POINT (112.105160215964 -3.03065350716882),489,-3.03,112.10516
POINT (111.927476831643 -2.83971142922615),490,-2.84,111.927476
POINT (111.927476831643 -2.83971142922615),491,-2.84,111.927476
POINT (111.903872921966 -3.25588576355845),492,-3.26,111.903872
POINT (111.903872921966 -3.25588576355845),493,-3.26,111.903872
POINT (112.008461277312 -3.25944292709005),494,-3.26,112.008461
POINT (112.008461277312 -3.25944292709005),495,-3.26,112.008461
POINT (111.954663568036 -2.88081098760735),496,-2.88,111.954663
POINT (111.954663568036 -2.88081098760735),497,-2.88,111.954663
POINT (111.9614200045 -3.19184642430781),498,-3.19,111.96142
POINT (111.9614200045 -3.19184642430781),499,-3.19,111.96142
POINT (112.060910988042 -2.68984263004111),500,-2.69,112.06091
POINT (112.060910988042 -2.68984263004111),501,-2.69,112.06091
POINT (112.095995905033 -3.23888905867164),502,-3.24,112.095995
POINT (112.095995905033 -3.23888905867164),503,-3.24,112.095995
POINT (111.992145265484 -3.27206610911801),504,-3.27,111.992145
POINT (111.992145265484 -3.27206610911801),505,-3.27,111.992145
POINT (112.050999130975 -2.9748850542391),506,-2.98,112.050999
POINT (112.050999130975 -2.9748850542391),507,-2.98,112.050999
POINT (111.963417848856 -3.47029934149513),508,-3.47,111.963417
POINT (111.963417848856 -3.47029934149513),509,-3.47,111.963417
POINT (111.8760811847 -2.88238817327611),510,-2.88,111.876081
POINT (111.8760811847 -2.88238817327611),511,-2.88,111.876081
POINT (112.063471127654 -3.10085753686074),512,-3.10,112.063471
POINT (112.063471127654 -3.10085753686074),513,-3.10,112.063471
POINT (112.122909024777 -3.32090327721078),514,-3.32,112.122909
POINT (112.122909024777 -3.32090327721078),515,-3.32,112.122909
POINT (112.072801479249 -3.01326258375656),516,-3.01,112.072801
POINT (112.072801479249 -3.01326258375656),517,-3.01,112.072801
POINT (111.882576944669 -3.27766028883307),518,-3.28,111.882576
POINT (111.882576944669 -3.27766028883307),519,-3.28,111.882576
POINT (111.903119677372 -3.28913646051414),520,-3.29,111.903119
POINT (111.903119677372 -3.28913646051414),521,-3.29,111.903119
POINT (111.860199269115 -3.42312955864927),522,-3.42,111.860199
POINT (111.860199269115 -3.42312955864927),523,-3.42,111.860199
POINT (112.108231154946 -2.97603349655675),524,-2.98,112.108231
POINT (112.108231154946 -2.97603349655675),525,-2.98,112.108231
POINT (112.055958797176 -3.05418379475382),526,-3.05,112.055958
POINT (112.055958797176 -3.05418379475382),527,-3.05,112.055958
POINT (112.023447793609 -3.02457311778591),528,-3.03,112.023447
POINT (112.023447793609 -3.02457311778591),529,-3.03,112.023447
POINT (111.865085665817 -2.96104290481405),530,-2.96,111.865085
POINT (111.865085665817 -2.96104290481405),531,-2.96,111.865085
POINT (112.058767487327 -3.09587323358276),532,-3.10,112.058767
POINT (112.058767487327 -3.09587323358276),533,-3.10,112.058767
POINT (111.896917751581 -2.72862306263588),534,-2.73,111.896917
POINT (111.896917751581 -2.72862306263588),535,-2.73,111.896917
POINT (112.164630916828 -3.13954241431935),536,-3.14,112.16463
POINT (112.164630916828 -3.13954241431935),537,-3.14,112.16463
POINT (111.947069033761 -3.17724225408053),538,-3.18,111.947069
POINT (111.947069033761 -3.17724225408053),539,-3.18,111.947069
POINT (111.807623002218 -2.97811247505869),540,-2.98,111.807623
POINT (111.807623002218 -2.97811247505869),541,-2.98,111.807623
POINT (111.954743549117 -2.88811475376433),542,-2.89,111.954743
POINT (111.954743549117 -2.88811475376433),543,-2.89,111.954743
POINT (111.973028072503 -2.79035942653704),544,-2.79,111.973028
POINT (111.973028072503 -2.79035942653704),545,-2.79,111.973028
POINT (112.042643403404 -2.74200396317694),546,-2.74,112.042643
POINT (112.042643403404 -2.74200396317694),547,-2.74,112.042643
POINT (112.159419525953 -3.12654053141119),548,-3.13,112.159419
POINT (112.159419525953 -3.12654053141119),549,-3.13,112.159419
POINT (112.11902475881 -3.04970959111386),550,-3.05,112.119024
POINT (112.11902475881 -3.04970959111386),551,-3.05,112.119024
POINT (112.113328470755 -2.78163980824488),552,-2.78,112.113328
POINT (112.113328470755 -2.78163980824488),553,-2.78,112.113328
POINT (112.124548936429 -2.85942423157949),554,-2.86,112.124548
POINT (112.124548936429 -2.85942423157949),555,-2.86,112.124548
POINT (112.009395494224 -3.09490994271851),556,-3.10,112.009395
POINT (112.009395494224 -3.09490994271851),557,-3.10,112.009395
POINT (111.874417190387 -2.97343599275291),558,-2.97,111.874417
POINT (111.874417190387 -2.97343599275291),559,-2.97,111.874417
POINT (111.84942868594 -3.28850869430294),560,-3.29,111.849428
POINT (111.84942868594 -3.28850869430294),561,-3.29,111.849428
POINT (112.086923284933 -2.87575255097787),562,-2.88,112.086923
POINT (112.086923284933 -2.87575255097787),563,-2.88,112.086923
POINT (111.897550003777 -2.95898364602386),564,-2.96,111.89755
POINT (111.897550003777 -2.95898364602386),565,-2.96,111.89755
POINT (111.9056863683 -3.18568672566102),566,-3.19,111.905686
POINT (111.9056863683 -3.18568672566102),567,-3.19,111.905686
POINT (112.072551326751 -3.12334832668498),568,-3.12,112.072551
POINT (112.072551326751 -3.12334832668498),569,-3.12,112.072551
POINT (112.039393123687 -2.9719636060465),570,-2.97,112.039393
POINT (112.039393123687 -2.9719636060465),571,-2.97,112.039393
POINT (112.009419985805 -2.70928115509666),572,-2.71,112.009419
POINT (112.009419985805 -2.70928115509666),573,-2.71,112.009419
POINT (111.918687927466 -3.48035940727555),574,-3.48,111.918687
POINT (111.918687927466 -3.48035940727555),575,-3.48,111.918687
POINT (111.863817174145 -3.36302062118223),576,-3.36,111.863817
POINT (111.863817174145 -3.36302062118223),577,-3.36,111.863817
POINT (112.083143734112 -2.92870220368517),578,-2.93,112.083143
POINT (112.083143734112 -2.92870220368517),579,-2.93,112.083143
POINT (111.99535295287 -3.07977422488048),580,-3.08,111.995352
POINT (111.99535295287 -3.07977422488048),581,-3.08,111.995352
POINT (112.035264662353 -2.79286548251797),582,-2.79,112.035264
POINT (112.035264662353 -2.79286548251797),583,-2.79,112.035264
POINT (111.885153872502 -3.29695035904055),584,-3.30,111.885153
POINT (111.885153872502 -3.29695035904055),585,-3.30,111.885153
POINT (111.969496504247 -2.67964532581904),586,-2.68,111.969496
POINT (111.969496504247 -2.67964532581904),587,-2.68,111.969496
POINT (112.08618569548 -2.86067385471328),588,-2.86,112.086185
POINT (112.08618569548 -2.86067385471328),589,-2.86,112.086185
POINT (112.013286923188 -2.80107805035879),590,-2.80,112.013286
POINT (112.013286923188 -2.80107805035879),591,-2.80,112.013286
POINT (111.87485495803 -3.27897636824139),592,-3.28,111.874854
POINT (111.87485495803 -3.27897636824139),593,-3.28,111.874854
POINT (112.117441919353 -3.34727994061004),594,-3.35,112.117441
POINT (112.117441919353 -3.34727994061004),595,-3.35,112.117441
POINT (111.919198706849 -2.69205594669474),596,-2.69,111.919198
POINT (111.919198706849 -2.69205594669474),597,-2.69,111.919198
POINT (112.096280405883 -2.90273029230143),598,-2.90,112.09628
POINT (112.096280405883 -2.90273029230143),599,-2.90,112.09628
POINT (112.06197429495 -3.25525265537771),600,-3.26,112.061974
POINT (112.06197429495 -3.25525265537771),601,-3.26,112.061974
POINT (112.15659436752 -3.18413548698656),602,-3.18,112.156594
POINT (112.15659436752 -3.18413548698656),603,-3.18,112.156594
POINT (111.912585698191 -2.82255016625761),604,-2.82,111.912585
POINT (111.912585698191 -2.82255016625761),605,-2.82,111.912585
POINT (111.865371519054 -3.47599303315664),606,-3.48,111.865371
POINT (111.865371519054 -3.47599303315664),607,-3.48,111.865371
POINT (111.794411565451 -2.87904781342907),608,-2.88,111.794411
POINT (111.794411565451 -2.87904781342907),609,-2.88,111.794411
POINT (111.880683155509 -2.95031481428168),610,-2.95,111.880683
POINT (111.880683155509 -2.95031481428168),611,-2.95,111.880683
POINT (111.986765428646 -3.16494335114888),612,-3.17,111.986765
POINT (111.986765428646 -3.16494335114888),613,-3.17,111.986765
POINT (112.149516250751 -3.26395636537892),614,-3.26,112.149516
POINT (112.149516250751 -3.26395636537892),615,-3.26,112.149516
POINT (111.954471079326 -2.90090154423941),616,-2.90,111.954471
POINT (111.954471079326 -2.90090154423941),617,-2.90,111.954471
POINT (112.181703072269 -3.01438819274298),618,-3.01,112.181703
POINT (112.181703072269 -3.01438819274298),619,-3.01,112.181703
POINT (112.224530842793 -3.13761719202499),620,-3.14,112.22453
POINT (112.224530842793 -3.13761719202499),621,-3.14,112.22453
POINT (111.922074838053 -2.96207875114657),622,-2.96,111.922074
POINT (111.922074838053 -2.96207875114657),623,-2.96,111.922074
POINT (111.969688243863 -3.31620130891258),624,-3.32,111.969688
POINT (111.969688243863 -3.31620130891258),625,-3.32,111.969688
POINT (112.144002818079 -2.81798563632078),626,-2.82,112.144002
POINT (112.144002818079 -2.81798563632078),627,-2.82,112.144002
POINT (111.967612971103 -3.0176089588044),628,-3.02,111.967612
POINT (111.967612971103 -3.0176089588044),629,-3.02,111.967612
POINT (112.014674404514 -3.02097441871739),630,-3.02,112.014674
POINT (112.014674404514 -3.02097441871739),631,-3.02,112.014674
POINT (111.928685138754 -3.04443703439618),632,-3.04,111.928685
POINT (111.928685138754 -3.04443703439618),633,-3.04,111.928685
POINT (111.853137798245 -3.36000089904596),634,-3.36,111.853137
POINT (111.853137798245 -3.36000089904596),635,-3.36,111.853137
POINT (112.160497061711 -3.25069447114383),636,-3.25,112.160497
POINT (112.160497061711 -3.25069447114383),637,-3.25,112.160497
POINT (112.118204427014 -3.1946007370018),638,-3.20,112.118204
POINT (112.118204427014 -3.1946007370018),639,-3.20,112.118204
POINT (111.838745102736 -2.84965942278909),640,-2.85,111.838745
POINT (111.838745102736 -2.84965942278909),641,-2.85,111.838745
POINT (112.136239506568 -3.16802549073951),642,-3.17,112.136239
POINT (112.136239506568 -3.16802549073951),643,-3.17,112.136239
POINT (111.985668087838 -2.69720447590198),644,-2.70,111.985668
POINT (111.985668087838 -2.69720447590198),645,-2.70,111.985668
POINT (111.958977222807 -3.09154350116426),646,-3.09,111.958977
POINT (111.958977222807 -3.09154350116426),647,-3.09,111.958977
POINT (111.902148189448 -3.34514536478886),648,-3.35,111.902148
POINT (111.902148189448 -3.34514536478886),649,-3.35,111.902148
POINT (112.176703147877 -2.99642875674896),650,-3.00,112.176703
POINT (112.176703147877 -2.99642875674896),651,-3.00,112.176703
POINT (112.105160754908 -2.89043351306452),652,-2.89,112.10516
POINT (112.105160754908 -2.89043351306452),653,-2.89,112.10516
POINT (111.958060549228 -3.03099957609057),654,-3.03,111.95806
POINT (111.958060549228 -3.03099957609057),655,-3.03,111.95806
POINT (111.972891415823 -3.10014570441693),656,-3.10,111.972891
POINT (111.972891415823 -3.10014570441693),657,-3.10,111.972891
POINT (111.860463235692 -2.90549615445809),658,-2.91,111.860463
POINT (111.860463235692 -2.90549615445809),659,-2.91,111.860463
POINT (112.01793532288 -3.40728119293434),660,-3.41,112.017935
POINT (112.01793532288 -3.40728119293434),661,-3.41,112.017935
POINT (111.944256577994 -3.18314131654867),662,-3.18,111.944256
POINT (111.944256577994 -3.18314131654867),663,-3.18,111.944256
POINT (111.900579080364 -3.07101007216038),664,-3.07,111.900579
POINT (111.900579080364 -3.07101007216038),665,-3.07,111.900579
POINT (112.116078457124 -3.05008049342888),666,-3.05,112.116078
POINT (112.116078457124 -3.05008049342888),667,-3.05,112.116078
POINT (111.931661201349 -3.35582882276201),668,-3.36,111.931661
POINT (111.931661201349 -3.35582882276201),669,-3.36,111.931661
POINT (112.158920113279 -2.85604826987081),670,-2.86,112.15892
POINT (112.158920113279 -2.85604826987081),671,-2.86,112.15892
POINT (112.038388708874 -3.1421797941709),672,-3.14,112.038388
POINT (112.038388708874 -3.1421797941709),673,-3.14,112.038388
POINT (111.959184520446 -3.01995885323402),674,-3.02,111.959184
POINT (111.959184520446 -3.01995885323402),675,-3.02,111.959184
POINT (111.88555638328 -3.12722773699933),676,-3.13,111.885556
POINT (111.88555638328 -3.12722773699933),677,-3.13,111.885556
POINT (112.009213220906 -3.3024245834421),678,-3.30,112.009213
POINT (112.009213220906 -3.3024245834421),679,-3.30,112.009213
POINT (112.010821528689 -2.70372820671849),680,-2.70,112.010821
POINT (112.010821528689 -2.70372820671849),681,-2.70,112.010821
POINT (111.803614473883 -2.83011106754473),682,-2.83,111.803614
POINT (111.803614473883 -2.83011106754473),683,-2.83,111.803614
POINT (111.86786587182 -3.43748157366505),684,-3.44,111.867865
POINT (111.86786587182 -3.43748157366505),685,-3.44,111.867865
POINT (111.977996027971 -3.33430200311652),686,-3.33,111.977996
POINT (111.977996027971 -3.33430200311652),687,-3.33,111.977996
POINT (112.197999111915 -3.00134679502256),688,-3.00,112.197999
POINT (112.197999111915 -3.00134679502256),689,-3.00,112.197999
POINT (111.890144974488 -3.47363345180508),690,-3.47,111.890144
POINT (111.890144974488 -3.47363345180508),691,-3.47,111.890144
POINT (112.006580682096 -2.99900135651001),692,-3.00,112.00658
POINT (112.006580682096 -2.99900135651001),693,-3.00,112.00658
POINT (111.906820410796 -3.50895755071526),694,-3.51,111.90682
POINT (111.906820410796 -3.50895755071526),695,-3.51,111.90682
POINT (112.087778979011 -2.86150726862473),696,-2.86,112.087778
POINT (112.087778979011 -2.86150726862473),697,-2.86,112.087778
POINT (111.993279597994 -3.30651559560608),698,-3.31,111.993279
POINT (111.993279597994 -3.30651559560608),699,-3.31,111.993279
POINT (111.893442919151 -3.23136558803125),700,-3.23,111.893442
POINT (111.893442919151 -3.23136558803125),701,-3.23,111.893442
POINT (112.037154726576 -3.22646645845022),702,-3.23,112.037154
POINT (112.037154726576 -3.22646645845022),703,-3.23,112.037154
POINT (112.160158501216 -3.21102725115557),704,-3.21,112.160158
POINT (112.160158501216 -3.21102725115557),705,-3.21,112.160158
POINT (112.152982840054 -3.3408429252874),706,-3.34,112.152982
POINT (112.152982840054 -3.3408429252874),707,-3.34,112.152982
POINT (111.960418159343 -2.95508505728119),708,-2.96,111.960418
POINT (111.960418159343 -2.95508505728119),709,-2.96,111.960418
POINT (111.97502313305 -2.63538963038464),710,-2.64,111.975023
POINT (111.97502313305 -2.63538963038464),711,-2.64,111.975023
POINT (111.832928813895 -2.98434139844551),712,-2.98,111.832928
POINT (111.832928813895 -2.98434139844551),713,-2.98,111.832928
POINT (112.098506649044 -2.80248814766301),714,-2.80,112.098506
POINT (112.098506649044 -2.80248814766301),715,-2.80,112.098506
POINT (111.832057767392 -3.08693913292194),716,-3.09,111.832057
POINT (111.832057767392 -3.08693913292194),717,-3.09,111.832057
POINT (111.992523146877 -2.71770568613594),718,-2.72,111.992523
POINT (111.992523146877 -2.71770568613594),719,-2.72,111.992523
POINT (112.008509822346 -3.04967144013597),720,-3.05,112.008509
POINT (112.008509822346 -3.04967144013597),721,-3.05,112.008509
POINT (112.058087475647 -2.90589811511017),722,-2.91,112.058087
POINT (112.058087475647 -2.90589811511017),723,-2.91,112.058087
POINT (111.985288193436 -2.66510488298379),724,-2.67,111.985288
POINT (111.985288193436 -2.66510488298379),725,-2.67,111.985288
POINT (112.064203805969 -3.11194975091488),726,-3.11,112.064203
POINT (112.064203805969 -3.11194975091488),727,-3.11,112.064203
POINT (111.970216951088 -3.17271354393863),728,-3.17,111.970216
POINT (111.970216951088 -3.17271354393863),729,-3.17,111.970216
POINT (111.994118024283 -2.94768482966118),730,-2.95,111.994118
POINT (111.994118024283 -2.94768482966118),731,-2.95,111.994118
POINT (112.066416885841 -3.31645663920793),732,-3.32,112.066416
POINT (112.066416885841 -3.31645663920793),733,-3.32,112.066416
POINT (111.936351890234 -3.38291516962742),734,-3.38,111.936351
POINT (111.936351890234 -3.38291516962742),735,-3.38,111.936351
POINT (111.902045631733 -3.26277338336233),736,-3.26,111.902045
POINT (111.902045631733 -3.26277338336233),737,-3.26,111.902045
POINT (112.132788671638 -3.29982540743793),738,-3.30,112.132788
POINT (112.132788671638 -3.29982540743793),739,-3.30,112.132788
POINT (112.12441459824 -3.0480990924775),740,-3.05,112.124414
POINT (112.12441459824 -3.0480990924775),741,-3.05,112.124414
POINT (112.065482015786 -2.92232827677276),742,-2.92,112.065482
POINT (112.065482015786 -2.92232827677276),743,-2.92,112.065482
POINT (112.224162315502 -3.15204918061978),744,-3.15,112.224162
POINT (112.224162315502 -3.15204918061978),745,-3.15,112.224162
POINT (112.101625016039 -3.17104372051602),746,-3.17,112.101625
POINT (112.101625016039 -3.17104372051602),747,-3.17,112.101625
POINT (112.087920223036 -3.1952858442156),748,-3.20,112.08792
POINT (112.087920223036 -3.1952858442156),749,-3.20,112.08792
POINT (112.071867000632 -3.05612543653887),750,-3.06,112.071867
POINT (112.071867000632 -3.05612543653887),751,-3.06,112.071867
POINT (112.083866551503 -3.32681505344596),752,-3.33,112.083866
POINT (112.083866551503 -3.32681505344596),753,-3.33,112.083866
POINT (111.847343676566 -3.51669266370107),754,-3.52,111.847343
POINT (111.847343676566 -3.51669266370107),755,-3.52,111.847343
POINT (112.078351310242 -3.11057097099754),756,-3.11,112.078351
POINT (112.078351310242 -3.11057097099754),757,-3.11,112.078351
POINT (112.001256771338 -3.20541435375842),758,-3.21,112.001256
POINT (112.001256771338 -3.20541435375842),759,-3.21,112.001256
POINT (111.828350926503 -3.18824270483097),760,-3.19,111.82835
POINT (111.828350926503 -3.18824270483097),761,-3.19,111.82835
POINT (111.945021563018 -3.22123464466851),762,-3.22,111.945021
POINT (111.945021563018 -3.22123464466851),763,-3.22,111.945021
POINT (112.037369547366 -3.27727657466033),764,-3.28,112.037369
POINT (112.037369547366 -3.27727657466033),765,-3.28,112.037369
POINT (112.11723387465 -2.9476079563145),766,-2.95,112.117233
POINT (112.11723387465 -2.9476079563145),767,-2.95,112.117233
POINT (112.173311685427 -3.02064720963),768,-3.02,112.173311
POINT (112.173311685427 -3.02064720963),769,-3.02,112.173311
POINT (112.107318348696 -3.1193433267256),770,-3.12,112.107318
POINT (112.107318348696 -3.1193433267256),771,-3.12,112.107318
POINT (111.848290103798 -3.35488043620542),772,-3.36,111.84829
POINT (111.848290103798 -3.35488043620542),773,-3.36,111.84829
POINT (112.036046139824 -2.80446404731549),774,-2.80,112.036046
POINT (112.036046139824 -2.80446404731549),775,-2.80,112.036046
POINT (111.900701039718 -2.91926836708782),776,-2.92,111.900701
POINT (111.900701039718 -2.91926836708782),777,-2.92,111.900701
POINT (111.910778131096 -2.80290422546175),778,-2.80,111.910778
POINT (111.910778131096 -2.80290422546175),779,-2.80,111.910778
POINT (111.925593399158 -2.87432181943829),780,-2.87,111.925593
POINT (111.925593399158 -2.87432181943829),781,-2.87,111.925593
POINT (112.223611127525 -3.18490922619953),782,-3.19,112.223611
POINT (112.223611127525 -3.18490922619953),783,-3.19,112.223611
POINT (111.968875162288 -2.69577529641892),784,-2.70,111.968875
POINT (111.968875162288 -2.69577529641892),785,-2.70,111.968875
POINT (111.80813049308 -2.88754364796603),786,-2.89,111.80813
POINT (111.80813049308 -2.88754364796603),787,-2.89,111.80813
POINT (112.161073585921 -2.93173906331304),788,-2.93,112.161073
POINT (112.161073585921 -2.93173906331304),789,-2.93,112.161073
POINT (111.905667735653 -2.82408583954893),790,-2.82,111.905667
POINT (111.905667735653 -2.82408583954893),791,-2.82,111.905667
POINT (111.983559349723 -2.858351087023),792,-2.86,111.983559
POINT (111.983559349723 -2.858351087023),793,-2.86,111.983559
POINT (112.051114114768 -3.25999088088301),794,-3.26,112.051114
POINT (112.051114114768 -3.25999088088301),795,-3.26,112.051114
POINT (112.100701006255 -3.18770380856122),796,-3.19,112.100701
POINT (112.100701006255 -3.18770380856122),797,-3.19,112.100701
POINT (111.909644164406 -3.38911295896414),798,-3.39,111.909644
POINT (111.909644164406 -3.38911295896414),799,-3.39,111.909644
POINT (112.137501559837 -3.2458616045856),800,-3.25,112.137501
POINT (112.137501559837 -3.2458616045856),801,-3.25,112.137501
POINT (112.14676101197 -3.20754439918074),802,-3.21,112.146761
POINT (112.14676101197 -3.20754439918074),803,-3.21,112.146761
POINT (112.17878799169 -3.10245953976713),804,-3.10,112.178787
POINT (112.17878799169 -3.10245953976713),805,-3.10,112.178787
POINT (112.085745935104 -3.26253917694706),806,-3.26,112.085745
POINT (112.085745935104 -3.26253917694706),807,-3.26,112.085745
POINT (112.091611673603 -2.84686427881606),808,-2.85,112.091611
POINT (112.091611673603 -2.84686427881606),809,-2.85,112.091611
POINT (112.136237040739 -2.98444151543444),810,-2.98,112.136237
POINT (112.136237040739 -2.98444151543444),811,-2.98,112.136237
POINT (111.856121995461 -2.88165653238872),812,-2.88,111.856121
POINT (111.856121995461 -2.88165653238872),813,-2.88,111.856121
POINT (112.081277914548 -3.10430781262394),814,-3.10,112.081277
POINT (112.081277914548 -3.10430781262394),815,-3.10,112.081277
POINT (111.785092199266 -2.90839229449668),816,-2.91,111.785092
POINT (111.785092199266 -2.90839229449668),817,-2.91,111.785092
POINT (111.759502980248 -2.89495580015053),818,-2.90,111.759502
POINT (111.759502980248 -2.89495580015053),819,-2.90,111.759502
POINT (112.026390533611 -3.14622332527473),820,-3.15,112.02639
POINT (112.026390533611 -3.14622332527473),821,-3.15,112.02639
POINT (112.115922137635 -3.15647007561232),822,-3.16,112.115922
POINT (112.115922137635 -3.15647007561232),823,-3.16,112.115922
POINT (111.900058203291 -2.71508133930756),824,-2.72,111.900058
POINT (111.900058203291 -2.71508133930756),825,-2.72,111.900058
POINT (111.967236720489 -2.86989300656974),826,-2.87,111.967236
POINT (111.967236720489 -2.86989300656974),827,-2.87,111.967236
POINT (112.13193014434 -3.25842270278291),828,-3.26,112.13193
POINT (112.13193014434 -3.25842270278291),829,-3.26,112.13193
POINT (112.040691996063 -2.9243902437455),830,-2.92,112.040691
POINT (112.040691996063 -2.9243902437455),831,-2.92,112.040691
POINT (112.026670292099 -2.8578327301335),832,-2.86,112.02667
POINT (112.026670292099 -2.8578327301335),833,-2.86,112.02667
POINT (111.997142111093 -2.92088936718089),834,-2.92,111.997142
POINT (111.997142111093 -2.92088936718089),835,-2.92,111.997142
POINT (112.018745490768 -3.0565856146174),836,-3.06,112.018745
POINT (112.018745490768 -3.0565856146174),837,-3.06,112.018745
POINT (112.208223554621 -3.12315310209395),838,-3.12,112.208223
POINT (112.208223554621 -3.12315310209395),839,-3.12,112.208223
POINT (111.897869337841 -3.20545358057989),840,-3.21,111.897869
POINT (111.897869337841 -3.20545358057989),841,-3.21,111.897869
POINT (111.969341102724 -2.91425158722051),842,-2.91,111.969341
POINT (111.969341102724 -2.91425158722051),843,-2.91,111.969341
POINT (111.907910494216 -3.44059648692408),844,-3.44,111.90791
POINT (111.907910494216 -3.44059648692408),845,-3.44,111.90791
POINT (111.862481869946 -3.06991789586461),846,-3.07,111.862481
POINT (111.862481869946 -3.06991789586461),847,-3.07,111.862481
POINT (111.986300481813 -2.69317456259473),848,-2.69,111.9863
POINT (111.986300481813 -2.69317456259473),849,-2.69,111.9863
POINT (112.039549174135 -3.26627328548343),850,-3.27,112.039549
POINT (112.039549174135 -3.26627328548343),851,-3.27,112.039549
POINT (112.019312909775 -3.2136254510843),852,-3.21,112.019312
POINT (112.019312909775 -3.2136254510843),853,-3.21,112.019312
POINT (111.88873917143 -2.78762761392598),854,-2.79,111.888739
POINT (111.88873917143 -2.78762761392598),855,-2.79,111.888739
POINT (112.118082001192 -3.30807029026732),856,-3.31,112.118082
POINT (112.118082001192 -3.30807029026732),857,-3.31,112.118082
POINT (111.959312339069 -3.40715303691776),858,-3.41,111.959312
POINT (111.959312339069 -3.40715303691776),859,-3.41,111.959312
POINT (112.00355183274 -3.03173622697925),860,-3.03,112.003551
POINT (112.00355183274 -3.03173622697925),861,-3.03,112.003551
POINT (112.030394499298 -3.03783490189499),862,-3.04,112.030394
POINT (112.030394499298 -3.03783490189499),863,-3.04,112.030394
POINT (111.922117782458 -3.28602863642775),864,-3.29,111.922117
POINT (111.922117782458 -3.28602863642775),865,-3.29,111.922117
POINT (111.932000453926 -3.41908005742502),866,-3.42,111.932
POINT (111.932000453926 -3.41908005742502),867,-3.42,111.932
POINT (111.999356842882 -3.043679734763),868,-3.04,111.999356
POINT (111.999356842882 -3.043679734763),869,-3.04,111.999356
POINT (111.838713505733 -3.00286275111125),870,-3.00,111.838713
POINT (111.838713505733 -3.00286275111125),871,-3.00,111.838713
POINT (112.047233665486 -3.26919104122585),872,-3.27,112.047233
POINT (112.047233665486 -3.26919104122585),873,-3.27,112.047233
POINT (111.896271355274 -2.75130749329667),874,-2.75,111.896271
POINT (111.896271355274 -2.75130749329667),875,-2.75,111.896271
POINT (111.891161034685 -3.01150289645085),876,-3.01,111.891161
POINT (111.891161034685 -3.01150289645085),877,-3.01,111.891161
POINT (112.073392203372 -3.05535415913633),878,-3.06,112.073392
POINT (112.073392203372 -3.05535415913633),879,-3.06,112.073392
POINT (112.12730340181 -3.25630221673042),880,-3.26,112.127303
POINT (112.12730340181 -3.25630221673042),881,-3.26,112.127303
POINT (111.99801341503 -2.95570308352403),882,-2.96,111.998013
POINT (111.99801341503 -2.95570308352403),883,-2.96,111.998013
POINT (111.871390544169 -3.39672914384387),884,-3.40,111.87139
POINT (111.871390544169 -3.39672914384387),885,-3.40,111.87139
POINT (111.997760906989 -3.10549202728605),886,-3.11,111.99776
POINT (111.997760906989 -3.10549202728605),887,-3.11,111.99776
POINT (111.906197884242 -3.28619464590546),888,-3.29,111.906197
POINT (111.906197884242 -3.28619464590546),889,-3.29,111.906197
POINT (112.198156707983 -3.11780760967104),890,-3.12,112.198156
POINT (112.198156707983 -3.11780760967104),891,-3.12,112.198156
POINT (112.049997981618 -3.31636560148802),892,-3.32,112.049997
POINT (112.049997981618 -3.31636560148802),893,-3.32,112.049997
POINT (111.929028855339 -2.64103137304849),894,-2.64,111.929028
POINT (111.929028855339 -2.64103137304849),895,-2.64,111.929028
POINT (111.948014555447 -2.66474186386956),896,-2.67,111.948014
POINT (111.948014555447 -2.66474186386956),897,-2.67,111.948014
POINT (112.131561844476 -2.85926750499001),898,-2.86,112.131561
POINT (112.131561844476 -2.85926750499001),899,-2.86,112.131561
POINT (111.896410765085 -3.24348878348371),900,-3.24,111.89641
POINT (111.896410765085 -3.24348878348371),901,-3.24,111.89641
POINT (112.136817412737 -3.05074486597398),902,-3.05,112.136817
POINT (112.136817412737 -3.05074486597398),903,-3.05,112.136817
POINT (112.020938743592 -2.95731211000966),904,-2.96,112.020938
POINT (112.020938743592 -2.95731211000966),905,-2.96,112.020938
POINT (111.907117727174 -2.92511355389882),906,-2.93,111.907117
POINT (111.907117727174 -2.92511355389882),907,-2.93,111.907117
POINT (112.025744735951 -2.92733710570186),908,-2.93,112.025744
POINT (112.025744735951 -2.92733710570186),909,-2.93,112.025744
POINT (112.063641693775 -3.16011584696069),910,-3.16,112.063641
POINT (112.063641693775 -3.16011584696069),911,-3.16,112.063641
POINT (112.097277200178 -2.78621578651729),912,-2.79,112.097277
POINT (112.097277200178 -2.78621578651729),913,-2.79,112.097277
POINT (111.968742021534 -2.66637907187007),914,-2.67,111.968742
POINT (111.968742021534 -2.66637907187007),915,-2.67,111.968742
POINT (111.955549608351 -3.03930348778323),916,-3.04,111.955549
POINT (111.955549608351 -3.03930348778323),917,-3.04,111.955549
POINT (112.120908059379 -3.28039150486383),918,-3.28,112.120908
POINT (112.120908059379 -3.28039150486383),919,-3.28,112.120908
POINT (112.102776868214 -3.08523819235308),920,-3.09,112.102776
POINT (112.102776868214 -3.08523819235308),921,-3.09,112.102776
POINT (111.853652743673 -3.05058883025808),922,-3.05,111.853652
POINT (111.853652743673 -3.05058883025808),923,-3.05,111.853652
POINT (111.828866123584 -2.81216639596379),924,-2.81,111.828866
POINT (111.828866123584 -2.81216639596379),925,-2.81,111.828866
POINT (112.036383322776 -3.23814773261572),926,-3.24,112.036383
POINT (112.036383322776 -3.23814773261572),927,-3.24,112.036383
POINT (111.900929446754 -3.00094508349626),928,-3.00,111.900929
POINT (111.900929446754 -3.00094508349626),929,-3.00,111.900929
POINT (112.153902790518 -3.16463636133058),930,-3.17,112.153902
POINT (112.153902790518 -3.16463636133058),931,-3.17,112.153902
POINT (111.991607672676 -2.8800520478933),932,-2.88,111.991607
POINT (111.991607672676 -2.8800520478933),933,-2.88,111.991607
POINT (112.155909860772 -2.99557443093317),934,-3.00,112.155909
POINT (112.155909860772 -2.99557443093317),935,-3.00,112.155909
POINT (112.157709042413 -3.12787644446258),936,-3.13,112.157709
POINT (112.157709042413 -3.12787644446258),937,-3.13,112.157709
POINT (112.115033599954 -3.31631985919811),938,-3.32,112.115033
POINT (112.115033599954 -3.31631985919811),939,-3.32,112.115033
POINT (112.060985181882 -3.1233944469164),940,-3.12,112.060985
POINT (112.060985181882 -3.1233944469164),941,-3.12,112.060985
POINT (112.064809068483 -2.92255991730551),942,-2.92,112.064809
POINT (112.064809068483 -2.92255991730551),943,-2.92,112.064809
POINT (112.105097348887 -2.87445033914823),944,-2.87,112.105097
POINT (112.105097348887 -2.87445033914823),945,-2.87,112.105097
POINT (111.925296430555 -3.15137499537408),946,-3.15,111.925296
POINT (111.925296430555 -3.15137499537408),947,-3.15,111.925296
POINT (111.907490839 -2.76434548054857),948,-2.76,111.90749
POINT (111.907490839 -2.76434548054857),949,-2.76,111.90749
POINT (111.912923241876 -3.14019164736178),950,-3.14,111.912923
POINT (111.912923241876 -3.14019164736178),951,-3.14,111.912923
POINT (111.939664748932 -3.30515638413364),952,-3.31,111.939664
POINT (111.939664748932 -3.30515638413364),953,-3.31,111.939664
POINT (112.020887583054 -2.64988752790314),954,-2.65,112.020887
POINT (112.020887583054 -2.64988752790314),955,-2.65,112.020887
POINT (112.104371988729 -3.15753788599952),956,-3.16,112.104371
POINT (112.104371988729 -3.15753788599952),957,-3.16,112.104371
POINT (112.002408432815 -2.73739991039764),958,-2.74,112.002408
POINT (112.002408432815 -2.73739991039764),959,-2.74,112.002408
POINT (112.119411828932 -3.32558724485637),960,-3.33,112.119411
POINT (112.119411828932 -3.32558724485637),961,-3.33,112.119411
POINT (112.169414679183 -2.94149511596672),962,-2.94,112.169414
POINT (112.169414679183 -2.94149511596672),963,-2.94,112.169414
POINT (111.991747883993 -3.43324187904382),964,-3.43,111.991747
POINT (111.991747883993 -3.43324187904382),965,-3.43,111.991747
POINT (112.139362122342 -3.16255600537948),966,-3.16,112.139362
POINT (112.139362122342 -3.16255600537948),967,-3.16,112.139362
POINT (111.848088539588 -2.91888573530938),968,-2.92,111.848088
POINT (111.848088539588 -2.91888573530938),969,-2.92,111.848088
POINT (111.943346487937 -2.92677875277875),970,-2.93,111.943346
POINT (111.943346487937 -2.92677875277875),971,-2.93,111.943346
POINT (112.088132157 -3.2632926073605),972,-3.26,112.088132
POINT (112.088132157 -3.2632926073605),973,-3.26,112.088132
POINT (112.104155053687 -3.13842236471564),974,-3.14,112.104155
POINT (112.104155053687 -3.13842236471564),975,-3.14,112.104155
POINT (111.874592828209 -3.42843468732239),976,-3.43,111.874592
POINT (111.874592828209 -3.42843468732239),977,-3.43,111.874592
POINT (111.85256743902 -3.08336828322042),978,-3.08,111.852567
POINT (111.85256743902 -3.08336828322042),979,-3.08,111.852567
POINT (111.893250796926 -3.09549028347271),980,-3.10,111.89325
POINT (111.893250796926 -3.09549028347271),981,-3.10,111.89325
POINT (112.094453523372 -3.26446933779169),982,-3.26,112.094453
POINT (112.094453523372 -3.26446933779169),983,-3.26,112.094453
POINT (112.092677340823 -3.34405891184832),984,-3.34,112.092677
POINT (112.092677340823 -3.34405891184832),985,-3.34,112.092677
POINT (111.968362145657 -2.67104050639099),986,-2.67,111.968362
POINT (111.968362145657 -2.67104050639099),987,-2.67,111.968362
POINT (111.979454651282 -2.92467672927931),988,-2.93,111.979454
POINT (111.979454651282 -2.92467672927931),989,-2.93,111.979454
POINT (111.862209643211 -3.42402694894973),990,-3.42,111.862209
POINT (111.862209643211 -3.42402694894973),991,-3.42,111.862209
POINT (112.133351818369 -3.00085991920309),992,-3.00,112.133351
POINT (112.133351818369 -3.00085991920309),993,-3.00,112.133351
POINT (111.861259405231 -3.34129348783498),994,-3.34,111.861259
POINT (111.861259405231 -3.34129348783498),995,-3.34,111.861259
POINT (111.813337524044 -3.47515525551875),996,-3.48,111.813337
POINT (111.813337524044 -3.47515525551875),997,-3.48,111.813337
POINT (111.864494632017 -3.08752751192807),998,-3.09,111.864494
POINT (111.864494632017 -3.08752751192807),999,-3.09,111.864494
POINT (112.038802256956 -3.17555427590183),1000,-3.18,112.038802
POINT (112.038802256956 -3.17555427590183),1001,-3.18,112.038802
POINT (111.875181292887 -2.87992986918907),1002,-2.88,111.875181
POINT (111.875181292887 -2.87992986918907),1003,-2.88,111.875181
POINT (111.865805152755 -3.36181493471482),1004,-3.36,111.865805
POINT (111.865805152755 -3.36181493471482),1005,-3.36,111.865805
POINT (112.014940297001 -3.24080511523237),1006,-3.24,112.01494
POINT (112.014940297001 -3.24080511523237),1007,-3.24,112.01494
POINT (111.82902408748 -2.94347555690329),1008,-2.94,111.829024
POINT (111.82902408748 -2.94347555690329),1009,-2.94,111.829024
POINT (111.81623871665 -2.96771658897508),1010,-2.97,111.816238
POINT (111.81623871665 -2.96771658897508),1011,-2.97,111.816238
POINT (112.109857339828 -2.82922807878962),1012,-2.83,112.109857
POINT (112.109857339828 -2.82922807878962),1013,-2.83,112.109857
POINT (111.992623850007 -3.30515566003857),1014,-3.31,111.992623
POINT (111.992623850007 -3.30515566003857),1015,-3.31,111.992623
POINT (112.022640357356 -3.25454301263664),1016,-3.26,112.02264
POINT (112.022640357356 -3.25454301263664),1017,-3.26,112.02264
POINT (112.114827422859 -3.27497104503245),1018,-3.28,112.114827
POINT (112.114827422859 -3.27497104503245),1019,-3.28,112.114827
POINT (111.922409539661 -3.01431440132932),1020,-3.01,111.922409
POINT (111.922409539661 -3.01431440132932),1021,-3.01,111.922409
POINT (112.034051826434 -3.19022235884653),1022,-3.19,112.034051
POINT (112.034051826434 -3.19022235884653),1023,-3.19,112.034051
POINT (112.213535404619 -3.10398155520977),1024,-3.10,112.213535
POINT (112.213535404619 -3.10398155520977),1025,-3.10,112.213535
POINT (111.922163838295 -2.7524029794169),1026,-2.75,111.922163
POINT (111.922163838295 -2.7524029794169),1027,-2.75,111.922163
POINT (112.16972584295 -3.16058794702589),1028,-3.16,112.169725
POINT (112.16972584295 -3.16058794702589),1029,-3.16,112.169725
POINT (112.054903290792 -3.25701137143924),1030,-3.26,112.054903
POINT (112.054903290792 -3.25701137143924),1031,-3.26,112.054903
POINT (112.168409079318 -3.02155101945643),1032,-3.02,112.168409
POINT (112.168409079318 -3.02155101945643),1033,-3.02,112.168409
POINT (112.132320852329 -2.79443249689746),1034,-2.79,112.13232
POINT (112.132320852329 -2.79443249689746),1035,-2.79,112.13232
POINT (111.820283349716 -2.89225897682248),1036,-2.89,111.820283
POINT (111.820283349716 -2.89225897682248),1037,-2.89,111.820283
POINT (111.939361186193 -3.26639538230499),1038,-3.27,111.939361
POINT (111.939361186193 -3.26639538230499),1039,-3.27,111.939361
POINT (111.930003709092 -3.3287077056888),1040,-3.33,111.930003
POINT (111.930003709092 -3.3287077056888),1041,-3.33,111.930003
POINT (111.909769168277 -3.13117655473755),1042,-3.13,111.909769
POINT (111.909769168277 -3.13117655473755),1043,-3.13,111.909769
POINT (111.975634395437 -2.95275907436434),1044,-2.95,111.975634
POINT (111.975634395437 -2.95275907436434),1045,-2.95,111.975634
POINT (111.948685995317 -3.4713596815885),1046,-3.47,111.948685
POINT (111.948685995317 -3.4713596815885),1047,-3.47,111.948685
POINT (111.906381092041 -3.0384231116996),1048,-3.04,111.906381
POINT (111.906381092041 -3.0384231116996),1049,-3.04,111.906381
POINT (112.092394579367 -2.74217539368525),1050,-2.74,112.092394
POINT (112.092394579367 -2.74217539368525),1051,-2.74,112.092394
POINT (111.913223922968 -2.92918481212118),1052,-2.93,111.913223
POINT (111.913223922968 -2.92918481212118),1053,-2.93,111.913223
POINT (111.936840509847 -3.44684827061824),1054,-3.45,111.93684
POINT (111.936840509847 -3.44684827061824),1055,-3.45,111.93684
POINT (111.872076761347 -3.41734508146249),1056,-3.42,111.872076
POINT (111.872076761347 -3.41734508146249),1057,-3.42,111.872076
POINT (112.005034203252 -3.29769454077537),1058,-3.30,112.005034
POINT (112.005034203252 -3.29769454077537),1059,-3.30,112.005034
POINT (112.115427344137 -3.14665913458166),1060,-3.15,112.115427
POINT (112.115427344137 -3.14665913458166),1061,-3.15,112.115427
POINT (111.835216860589 -3.49736287298796),1062,-3.50,111.835216
POINT (111.835216860589 -3.49736287298796),1063,-3.50,111.835216
POINT (111.87691237717 -3.1495265256305),1064,-3.15,111.876912
POINT (111.87691237717 -3.1495265256305),1065,-3.15,111.876912
POINT (112.162662764376 -3.30944041859036),1066,-3.31,112.162662
POINT (112.162662764376 -3.30944041859036),1067,-3.31,112.162662
POINT (111.97810486349 -3.05989330424057),1068,-3.06,111.978104
POINT (111.97810486349 -3.05989330424057),1069,-3.06,111.978104
POINT (111.997008914414 -3.0750077933642),1070,-3.08,111.997008
POINT (111.997008914414 -3.0750077933642),1071,-3.08,111.997008
POINT (112.079132230791 -2.75981105875361),1072,-2.76,112.079132
POINT (112.079132230791 -2.75981105875361),1073,-2.76,112.079132
POINT (111.897883814925 -3.52350814894307),1074,-3.52,111.897883
POINT (111.897883814925 -3.52350814894307),1075,-3.52,111.897883
POINT (111.96542388397 -3.09619495083812),1076,-3.10,111.965423
POINT (111.96542388397 -3.09619495083812),1077,-3.10,111.965423
POINT (111.821361547723 -2.92315657352457),1078,-2.92,111.821361
POINT (111.821361547723 -2.92315657352457),1079,-2.92,111.821361
POINT (111.716388010398 -2.79828252674347),1080,-2.80,111.716388
POINT (111.716388010398 -2.79828252674347),1081,-2.80,111.716388
POINT (112.158583546539 -2.86199934377361),1082,-2.86,112.158583
POINT (112.158583546539 -2.86199934377361),1083,-2.86,112.158583
POINT (112.007479226896 -3.17477638207942),1084,-3.18,112.007479
POINT (112.007479226896 -3.17477638207942),1085,-3.18,112.007479
POINT (111.968261776853 -3.44038928988661),1086,-3.44,111.968261
POINT (111.968261776853 -3.44038928988661),1087,-3.44,111.968261
POINT (112.176316603744 -3.19656092985585),1088,-3.20,112.176316
POINT (112.176316603744 -3.19656092985585),1089,-3.20,112.176316
POINT (111.952184009106 -3.45680837049224),1090,-3.46,111.952184
POINT (111.952184009106 -3.45680837049224),1091,-3.46,111.952184
POINT (111.798555980683 -2.94146120071157),1092,-2.94,111.798555
POINT (111.798555980683 -2.94146120071157),1093,-2.94,111.798555
POINT (112.062865810936 -2.82348046942264),1094,-2.82,112.062865
POINT (112.062865810936 -2.82348046942264),1095,-2.82,112.062865
POINT (111.908264576032 -3.48502073476924),1096,-3.49,111.908264
POINT (111.908264576032 -3.48502073476924),1097,-3.49,111.908264
POINT (111.778917657313 -2.90436341840911),1098,-2.90,111.778917
POINT (111.778917657313 -2.90436341840911),1099,-2.90,111.778917
POINT (111.918255537666 -3.25308119997529),1100,-3.25,111.918255
POINT (111.918255537666 -3.25308119997529),1101,-3.25,111.918255
POINT (111.880088723 -2.82888898112999),1102,-2.83,111.880088
POINT (111.880088723 -2.82888898112999),1103,-2.83,111.880088
POINT (111.978675255843 -3.03571223576783),1104,-3.04,111.978675
POINT (111.978675255843 -3.03571223576783),1105,-3.04,111.978675
POINT (111.958250793826 -2.94328974296681),1106,-2.94,111.95825
POINT (111.958250793826 -2.94328974296681),1107,-2.94,111.95825
POINT (111.864781583563 -3.09459970080992),1108,-3.10,111.864781
POINT (111.864781583563 -3.09459970080992),1109,-3.10,111.864781
POINT (111.920291295638 -3.21834323232374),1110,-3.22,111.920291
POINT (111.920291295638 -3.21834323232374),1111,-3.22,111.920291
POINT (111.890029150275 -3.31699244947405),1112,-3.32,111.890029
POINT (111.890029150275 -3.31699244947405),1113,-3.32,111.890029
POINT (111.911457944064 -3.18364730268142),1114,-3.18,111.911457
POINT (111.911457944064 -3.18364730268142),1115,-3.18,111.911457
POINT (111.949578213942 -3.29464180292082),1116,-3.30,111.949578
POINT (111.949578213942 -3.29464180292082),1117,-3.30,111.949578
POINT (112.162271954881 -3.20605889039706),1118,-3.21,112.162271
POINT (112.162271954881 -3.20605889039706),1119,-3.21,112.162271
POINT (111.894630785417 -3.46658987964513),1120,-3.47,111.89463
POINT (111.894630785417 -3.46658987964513),1121,-3.47,111.89463
POINT (112.07596716915 -3.22886658579185),1122,-3.23,112.075967
POINT (112.07596716915 -3.22886658579185),1123,-3.23,112.075967
POINT (111.950130655891 -2.76602517133237),1124,-2.77,111.95013
POINT (111.950130655891 -2.76602517133237),1125,-2.77,111.95013
POINT (111.935757026028 -2.95082255326076),1126,-2.95,111.935757
POINT (111.935757026028 -2.95082255326076),1127,-2.95,111.935757
POINT (112.003965479995 -3.08506212418762),1128,-3.09,112.003965
POINT (112.003965479995 -3.08506212418762),1129,-3.09,112.003965
POINT (111.911979825212 -3.51126188060417),1130,-3.51,111.911979
POINT (111.911979825212 -3.51126188060417),1131,-3.51,111.911979
POINT (111.928628594646 -2.72232579810799),1132,-2.72,111.928628
POINT (111.928628594646 -2.72232579810799),1133,-2.72,111.928628
POINT (112.032225543315 -3.08529900154799),1134,-3.09,112.032225
POINT (112.032225543315 -3.08529900154799),1135,-3.09,112.032225
POINT (112.104229315209 -3.19376048765061),1136,-3.19,112.104229
POINT (112.104229315209 -3.19376048765061),1137,-3.19,112.104229
POINT (112.074776574373 -3.01479363269467),1138,-3.02,112.074776
POINT (112.074776574373 -3.01479363269467),1139,-3.02,112.074776
POINT (112.051170922426 -3.16985968531),1140,-3.17,112.05117
POINT (112.051170922426 -3.16985968531),1141,-3.17,112.05117
POINT (111.854570845848 -2.89261424437018),1142,-2.89,111.85457
POINT (111.854570845848 -2.89261424437018),1143,-2.89,111.85457
POINT (112.015648622376 -2.97189467382545),1144,-2.97,112.015648
POINT (112.015648622376 -2.97189467382545),1145,-2.97,112.015648
POINT (112.117849685073 -3.16871199612248),1146,-3.17,112.117849
POINT (112.117849685073 -3.16871199612248),1147,-3.17,112.117849
POINT (111.87991779647 -3.02508303279282),1148,-3.03,111.879917
POINT (111.87991779647 -3.02508303279282),1149,-3.03,111.879917
POINT (111.956478812923 -2.73741475132714),1150,-2.74,111.956478
POINT (111.956478812923 -2.73741475132714),1151,-2.74,111.956478
POINT (111.821376812013 -3.19847860933426),1152,-3.20,111.821376
POINT (111.821376812013 -3.19847860933426),1153,-3.20,111.821376
POINT (111.979856869238 -3.00626817415068),1154,-3.01,111.979856
POINT (111.979856869238 -3.00626817415068),1155,-3.01,111.979856
POINT (112.084767537066 -3.1774386553591),1156,-3.18,112.084767
POINT (112.084767537066 -3.1774386553591),1157,-3.18,112.084767
POINT (112.054104219802 -2.76432692162065),1158,-2.76,112.054104
POINT (112.054104219802 -2.76432692162065),1159,-2.76,112.054104
POINT (112.135969924447 -3.09177177027059),1160,-3.09,112.135969
POINT (112.135969924447 -3.09177177027059),1161,-3.09,112.135969
POINT (111.981843442585 -3.38264093581388),1162,-3.38,111.981843
POINT (111.981843442585 -3.38264093581388),1163,-3.38,111.981843
POINT (112.063948586666 -2.90068843576229),1164,-2.90,112.063948
POINT (112.063948586666 -2.90068843576229),1165,-2.90,112.063948
POINT (111.786714190381 -2.89251837089458),1166,-2.89,111.786714
POINT (111.786714190381 -2.89251837089458),1167,-2.89,111.786714
POINT (112.064591641195 -3.26056757475475),1168,-3.26,112.064591
POINT (112.064591641195 -3.26056757475475),1169,-3.26,112.064591
POINT (111.853532550853 -3.03344788009123),1170,-3.03,111.853532
POINT (111.853532550853 -3.03344788009123),1171,-3.03,111.853532
POINT (111.952995508295 -2.67643253238798),1172,-2.68,111.952995
POINT (111.952995508295 -2.67643253238798),1173,-2.68,111.952995
POINT (111.983275370758 -3.29180202671771),1174,-3.29,111.983275
POINT (111.983275370758 -3.29180202671771),1175,-3.29,111.983275
POINT (112.187035979431 -3.19490350735351),1176,-3.20,112.187035
POINT (112.187035979431 -3.19490350735351),1177,-3.20,112.187035
POINT (112.128558409849 -2.86589136885255),1178,-2.87,112.128558
POINT (112.128558409849 -2.86589136885255),1179,-2.87,112.128558
POINT (112.132123836332 -3.02463058538571),1180,-3.03,112.132123
POINT (112.132123836332 -3.02463058538571),1181,-3.03,112.132123
POINT (112.169577439519 -3.14351525013809),1182,-3.14,112.169577
POINT (112.169577439519 -3.14351525013809),1183,-3.14,112.169577
POINT (111.945096192137 -3.33789588200571),1184,-3.34,111.945096
POINT (111.945096192137 -3.33789588200571),1185,-3.34,111.945096
POINT (112.026932289014 -2.87550694787674),1186,-2.88,112.026932
POINT (112.026932289014 -2.87550694787674),1187,-2.88,112.026932
POINT (112.126043560517 -3.23478138762085),1188,-3.24,112.126043
POINT (112.126043560517 -3.23478138762085),1189,-3.24,112.126043
POINT (112.169407829564 -3.14927892184318),1190,-3.15,112.169407
POINT (112.169407829564 -3.14927892184318),1191,-3.15,112.169407
POINT (111.81926943011 -3.50654627175227),1192,-3.51,111.819269
POINT (111.81926943011 -3.50654627175227),1193,-3.51,111.819269
POINT (111.90683965573 -3.12537461760302),1194,-3.13,111.906839
POINT (111.90683965573 -3.12537461760302),1195,-3.13,111.906839
POINT (112.092620220534 -2.98750328815465),1196,-2.99,112.09262
POINT (112.092620220534 -2.98750328815465),1197,-2.99,112.09262
POINT (112.037866341181 -2.76726999553199),1198,-2.77,112.037866
POINT (112.037866341181 -2.76726999553199),1199,-2.77,112.037866
POINT (111.864675202404 -3.23613872407256),1200,-3.24,111.864675
POINT (111.864675202404 -3.23613872407256),1201,-3.24,111.864675
POINT (111.897971531818 -3.01115648490536),1202,-3.01,111.897971
POINT (111.897971531818 -3.01115648490536),1203,-3.01,111.897971
POINT (111.763517031571 -2.86078045544157),1204,-2.86,111.763517
POINT (111.763517031571 -2.86078045544157),1205,-2.86,111.763517
POINT (112.038160766596 -3.18247936666391),1206,-3.18,112.03816
POINT (112.038160766596 -3.18247936666391),1207,-3.18,112.03816
POINT (111.936724967222 -3.33410473067896),1208,-3.33,111.936724
POINT (111.936724967222 -3.33410473067896),1209,-3.33,111.936724
POINT (111.934946705072 -3.10210933678102),1210,-3.10,111.934946
POINT (111.934946705072 -3.10210933678102),1211,-3.10,111.934946
POINT (112.075772228089 -3.18268153345419),1212,-3.18,112.075772
POINT (112.075772228089 -3.18268153345419),1213,-3.18,112.075772
POINT (112.125158314499 -2.93933907439069),1214,-2.94,112.125158
POINT (112.125158314499 -2.93933907439069),1215,-2.94,112.125158
POINT (111.809630628843 -2.987997962541),1216,-2.99,111.80963
POINT (111.809630628843 -2.987997962541),1217,-2.99,111.80963
POINT (112.19920470028 -3.178813086714),1218,-3.18,112.199204
POINT (112.19920470028 -3.178813086714),1219,-3.18,112.199204
POINT (112.042099681073 -2.75813852748781),1220,-2.76,112.042099
POINT (112.042099681073 -2.75813852748781),1221,-2.76,112.042099
POINT (111.889639600561 -2.80884275612754),1222,-2.81,111.889639
POINT (111.889639600561 -2.80884275612754),1223,-2.81,111.889639
POINT (112.079351391159 -3.08774243883041),1224,-3.09,112.079351
POINT (112.079351391159 -3.08774243883041),1225,-3.09,112.079351
POINT (112.010550914006 -2.7689144826639),1226,-2.77,112.01055
POINT (112.010550914006 -2.7689144826639),1227,-2.77,112.01055
POINT (112.095329533537 -2.95450316517527),1228,-2.96,112.095329
POINT (112.095329533537 -2.95450316517527),1229,-2.96,112.095329
POINT (111.924127886194 -3.23835586621743),1230,-3.24,111.924127
POINT (111.924127886194 -3.23835586621743),1231,-3.24,111.924127
POINT (111.921886856902 -3.14585873237283),1232,-3.15,111.921886
POINT (111.921886856902 -3.14585873237283),1233,-3.15,111.921886
POINT (112.050312005231 -3.06983345032975),1234,-3.07,112.050312
POINT (112.050312005231 -3.06983345032975),1235,-3.07,112.050312
POINT (111.989019776728 -2.98993296110263),1236,-2.99,111.989019
POINT (111.989019776728 -2.98993296110263),1237,-2.99,111.989019
POINT (112.184534345471 -3.18476067435245),1238,-3.19,112.184534
POINT (112.184534345471 -3.18476067435245),1239,-3.19,112.184534
POINT (112.052869141635 -3.06352443887575),1240,-3.06,112.052869
POINT (112.052869141635 -3.06352443887575),1241,-3.06,112.052869
POINT (112.166864208282 -2.93908461960386),1242,-2.94,112.166864
POINT (112.166864208282 -2.93908461960386),1243,-2.94,112.166864
POINT (111.785815864203 -2.90122473144628),1244,-2.90,111.785815
POINT (111.785815864203 -2.90122473144628),1245,-2.90,111.785815
POINT (111.863237597578 -3.5260037398204),1246,-3.53,111.863237
POINT (111.863237597578 -3.5260037398204),1247,-3.53,111.863237
POINT (112.005158527523 -2.7311056499874),1248,-2.73,112.005158
POINT (112.005158527523 -2.7311056499874),1249,-2.73,112.005158
POINT (111.928887198281 -3.26686339685758),1250,-3.27,111.928887
POINT (111.928887198281 -3.26686339685758),1251,-3.27,111.928887
POINT (112.034975724012 -2.79059451227015),1252,-2.79,112.034975
POINT (112.034975724012 -2.79059451227015),1253,-2.79,112.034975
POINT (112.070072641532 -3.13653480310699),1254,-3.14,112.070072
POINT (112.070072641532 -3.13653480310699),1255,-3.14,112.070072
POINT (112.091734222189 -3.17458319404233),1256,-3.18,112.091734
POINT (112.091734222189 -3.17458319404233),1257,-3.18,112.091734
POINT (111.878331264828 -2.98380088283481),1258,-2.98,111.878331
POINT (111.878331264828 -2.98380088283481),1259,-2.98,111.878331
POINT (111.856668892216 -3.01310489149644),1260,-3.01,111.856668
POINT (111.856668892216 -3.01310489149644),1261,-3.01,111.856668
POINT (111.907565239492 -3.30723262757772),1262,-3.31,111.907565
POINT (111.907565239492 -3.30723262757772),1263,-3.31,111.907565
POINT (112.15091163597 -3.06239694954122),1264,-3.06,112.150911
POINT (112.15091163597 -3.06239694954122),1265,-3.06,112.150911
POINT (111.755385447469 -2.81756334950028),1266,-2.82,111.755385
POINT (111.755385447469 -2.81756334950028),1267,-2.82,111.755385
POINT (111.910009901653 -3.17562563781054),1268,-3.18,111.910009
POINT (111.910009901653 -3.17562563781054),1269,-3.18,111.910009
POINT (112.022792515268 -2.97813219137947),1270,-2.98,112.022792
POINT (112.022792515268 -2.97813219137947),1271,-2.98,112.022792
POINT (112.06358065182 -2.76609859113056),1272,-2.77,112.06358
POINT (112.06358065182 -2.76609859113056),1273,-2.77,112.06358
POINT (112.019419074217 -3.30818119526584),1274,-3.31,112.019419
POINT (112.019419074217 -3.30818119526584),1275,-3.31,112.019419
POINT (111.977548650988 -3.41966800426814),1276,-3.42,111.977548
POINT (111.977548650988 -3.41966800426814),1277,-3.42,111.977548
POINT (111.902958121706 -3.21047917484419),1278,-3.21,111.902958
POINT (111.902958121706 -3.21047917484419),1279,-3.21,111.902958
POINT (112.105906975554 -2.91467066978935),1280,-2.92,112.105906
POINT (112.105906975554 -2.91467066978935),1281,-2.92,112.105906
POINT (112.017733589564 -2.6600124784024),1282,-2.66,112.017733
POINT (112.017733589564 -2.6600124784024),1283,-2.66,112.017733
POINT (112.170783383269 -3.00903456864584),1284,-3.01,112.170783
POINT (112.170783383269 -3.00903456864584),1285,-3.01,112.170783
POINT (111.963336905864 -3.29615948656544),1286,-3.30,111.963336
POINT (111.963336905864 -3.29615948656544),1287,-3.30,111.963336
POINT (112.008795442093 -3.4324306811577),1288,-3.43,112.008795
POINT (112.008795442093 -3.4324306811577),1289,-3.43,112.008795
POINT (112.088686619115 -3.33791292688659),1290,-3.34,112.088686
POINT (112.088686619115 -3.33791292688659),1291,-3.34,112.088686
POINT (111.89661130742 -2.98040456877265),1292,-2.98,111.896611
POINT (111.89661130742 -2.98040456877265),1293,-2.98,111.896611
POINT (111.885718976687 -3.06975101226545),1294,-3.07,111.885718
POINT (111.885718976687 -3.06975101226545),1295,-3.07,111.885718
POINT (112.007770307314 -3.14111857124143),1296,-3.14,112.00777
POINT (112.007770307314 -3.14111857124143),1297,-3.14,112.00777
POINT (111.848009050574 -3.26234818084709),1298,-3.26,111.848009
POINT (111.848009050574 -3.26234818084709),1299,-3.26,111.848009
POINT (111.98666807288 -3.1002527332627),1300,-3.10,111.986668
POINT (111.98666807288 -3.1002527332627),1301,-3.10,111.986668
POINT (111.880074054431 -2.92856967017844),1302,-2.93,111.880074
POINT (111.880074054431 -2.92856967017844),1303,-2.93,111.880074
POINT (111.927346816374 -3.06165786027736),1304,-3.06,111.927346
POINT (111.927346816374 -3.06165786027736),1305,-3.06,111.927346
POINT (111.923636890102 -3.31565067176113),1306,-3.32,111.923636
POINT (111.923636890102 -3.31565067176113),1307,-3.32,111.923636
POINT (111.898094487069 -3.21138132348913),1308,-3.21,111.898094
POINT (111.898094487069 -3.21138132348913),1309,-3.21,111.898094
POINT (112.06927713112 -3.2535526544506),1310,-3.25,112.069277
POINT (112.06927713112 -3.2535526544506),1311,-3.25,112.069277
POINT (112.136281242318 -3.21357372153302),1312,-3.21,112.136281
POINT (112.136281242318 -3.21357372153302),1313,-3.21,112.136281
POINT (111.841914462904 -2.96969807689587),1314,-2.97,111.841914
POINT (111.841914462904 -2.96969807689587),1315,-2.97,111.841914
POINT (112.201677241766 -3.06118013331005),1316,-3.06,112.201677
POINT (112.201677241766 -3.06118013331005),1317,-3.06,112.201677
POINT (111.9598548131 -3.40265106278498),1318,-3.40,111.959854
POINT (111.9598548131 -3.40265106278498),1319,-3.40,111.959854
POINT (111.926146291631 -2.69533461338483),1320,-2.70,111.926146
POINT (111.926146291631 -2.69533461338483),1321,-2.70,111.926146
POINT (111.901496523098 -3.37515375783752),1322,-3.38,111.901496
POINT (111.901496523098 -3.37515375783752),1323,-3.38,111.901496
POINT (111.81461759001 -2.88002441138806),1324,-2.88,111.814617
POINT (111.81461759001 -2.88002441138806),1325,-2.88,111.814617
POINT (111.799755619097 -2.89851495585306),1326,-2.90,111.799755
POINT (111.799755619097 -2.89851495585306),1327,-2.90,111.799755
POINT (112.052489927244 -2.75240108062832),1328,-2.75,112.052489
POINT (112.052489927244 -2.75240108062832),1329,-2.75,112.052489
POINT (111.879569201823 -3.14666878737044),1330,-3.15,111.879569
POINT (111.879569201823 -3.14666878737044),1331,-3.15,111.879569
POINT (111.817302254809 -3.00217893326323),1332,-3.00,111.817302
POINT (111.817302254809 -3.00217893326323),1333,-3.00,111.817302
